IMAGp998G9999;1
IMAGp998G9998;2
IMAGp998G9997;3
IMAGp998G9996;4
IMAGp998G9995;5
IMAGp998G9994;6
IMAGp998G9993;7
IMAGp998G9992;8
IMAGp998G9991;9
IMAGp998G9990;10
IMAGp998G9989;11
IMAGp998G9988;12
IMAGp998G9987;13
IMAGp998G9986;14
IMAGp998G9985;15
IMAGp998G9984;16
IMAGp998G9983;17
IMAGp998G9982;18
IMAGp998G9981;19
IMAGp998G9980;20
IMAGp998G9979;21
IMAGp998G9978;22
IMAGp998G9977;23
IMAGp998G9976;24
IMAGp998G9975;25
IMAGp998G9974;26
IMAGp998G9973;27
IMAGp998G9972;28
IMAGp998G9971;29
IMAGp998G9970;30
IMAGp998G9969;31
IMAGp998G9968;32
IMAGp998G9967;33
IMAGp998G9966;34
IMAGp998G9965;35
IMAGp998G9964;36
IMAGp998G9963;37
IMAGp998G9962;38
IMAGp998G9961;39
IMAGp998G9960;40
IMAGp998G9959;41
IMAGp998G9958;42
IMAGp998G9957;43
