RefSeq_NM	Gene_Symbol	usMo.sMo.FDR.L	usMo.sMo.FDR.Lw	sMo.sMoGBM.FDR.L	sMo.sMoGBM.FDR.Lw	GBM.NHA.GBM.NHA.FDR.L	GBM.NHA.GBM.NHA.FDR.Lw	B_sMoNHA_7	B_sMoNHA_20_20	A_sMo_02	B_sMo_5_20	C_sMo_9	D_sMo_12	A_sMo_15	B_sMo_18	C_sMo_22	A_sMo_25	A_sMoRCA_3	B_sMoRCA_6	C_sMoRCA_10	D_sMoRCA_13	A_sMoRCA_16	B_sMoRCA_19	C_sMoRCA_23	A_sMoRCA_26	A_sMoRCA_27	A_usMo_01	B_usMo_4	C_usMo_8	D_usMo_11	A_usMo_14	C_usMo_21	A_usMo_24
NM_002290.2	LAMA4	1	0.97	0.14	0.03	0.46	0.85	12.45	11.69	8.69	8.32	8.21	7.88	8.17	8.23	8.34	7.61	9.43	10.21	9.54	10.3	8.66	10.11	10.46	8.69	10.6	8.32	8.44	7.61	9.62	9.33	8.5	7.93
NM_002828.2;NM_080422.1;NM_080423.1	PTPN2	0	0	0	0.01	0.26	0.83	17.12	17.1	17.15	17.09	17.45	16.68	16.61	17.03	16.21	17.76	14.32	16.32	14.9	15.3	15.14	15.55	15.58	14.89	15.1	14.28	14.65	14.29	14.49	14.57	14.69	14.74
		0.07	0.34	0	0.07	0.25	1.03	13.83	15.55	14.39	14.31	14.49	12.23	13.74	14.65	14.02	13.94	11.3	12.87	12.59	11.83	11.03	13.21	12.91	9.23	10.13	14.81	12.54	14.13	11.96	11.73	11.2	9.24
NM_002781.2	PSG5	1	0.97	0	0	0.15	0.07	8.41	8.93	8.7	8.3	8.48	7.85	9.52	9.17	9.07	9.21	11.8	12.79	11.65	12.29	12.44	11.97	12.8	11.92	11.99	7.71	8.72	8.75	8.69	8.3	9.32	9.53
NM_004126.2	GNG11	1	0.97	0	0	0.18	0.06	11.97	11.94	13.26	11.71	11.39	12.73	11.34	12.03	8.7	11.13	14.21	14.23	13.26	14.25	14.14	14.67	14.11	13.58	14.57	12.45	11.85	11.09	12.87	12.47	9.86	12.41
NM_024092.1	MGC5508	1	0.97	0	0	0.28	0.18	12.67	12.53	12.19	12.22	12.34	12.51	13.05	12.41	12.69	13	13.51	14.2	13.31	14.1	14.15	14.19	14.57	14.89	15.22	12.52	12.63	12.92	13.3	13.82	14.07	12.45
NM_003132.1	SRM	1	0.97	0	0	0.45	0.75	11.37	11.39	11.33	10.29	10.32	10.34	10.92	10.35	10.96	10.42	12.37	13.23	11.9	12.57	14.17	12.79	13.09	12.01	12.19	9.44	10.1	9.36	9.33	11.44	10.24	11.81
		0.4	0.08	0	0	0.33	0.39	12.67	12.63	11.83	12.22	12.03	12.9	11.82	11.92	12.24	12.31	13.57	14.29	13.4	14.22	14.3	14.01	14.09	14.45	14.71	12.76	13.43	13.09	14.4	14.13	13.65	14.87
NM_138444.2	KCTD12	1	0.97	0	0	0.29	1.03	12.35	14.23	11.78	12.96	14.15	13.79	13.82	14.32	13.05	17.56	9.19	11.74	11.01	11.91	9.74	11.23	11.96	13.7	12.5	12.88	13.41	12.6	12.32	14.06	13.92	12.88
NM_001849.2;NM_058174.1;NM_058175.1	COL6A2	1	0.97	0	0	0.26	0.14	10.42	9.43	9.33	8.74	9.09	9.37	9.46	9.13	8.98	9.14	12.04	12.82	11.71	12.05	9.96	11.67	10.52	9.67	10.53	9.21	9.95	10.02	8.85	8.14	8.75	9.79
NM_006732.1	FOSB	0.15	0.02	0	0	0.47	1.03	14.31	12.45	12.54	12.68	12.04	13.03	13.17	11.25	13.83	11.97	15.15	14.56	14.95	15.22	14.49	14.71	14.21	14.39	15.03	14.58	14.6	13.12	14.67	13.65	14.61	13.57
NM_000089.3	COL1A2	1	0.97	0	0	0.27	0.05	12.06	11.51	8.6	7.86	7.61	8.9	9.05	7.24	11.49	9.72	15.82	14.59	15.42	14.03	14.09	13.7	14.27	15.16	15.02	7.7	6.93	8.85	8.28	9.61	7.93	8.94
	LOC129607	0	0	0	0	0.26	0.88	11.8	14.85	12.07	12.88	16.46	16.77	17.47	17.28	18.01	18.13	9.03	10.34	12.31	12.97	8.99	11.64	12.25	13.17	13.66	9.45	9.29	11.55	12.17	9.99	13.26	8.89
NM_001548.1	IFIT1	0	0	0	0	0.26	0.87	12.39	14.99	11.61	12.98	16.61	16.79	16.55	17.76	17.5	19.35	10.28	10.96	12.41	13.12	9.25	11.75	11.23	15	14.62	9.11	9.56	12.31	11.78	11.99	13.8	12.07
NM_033133.3	CNP	0.02	0.05	0	0	0.26	0.85	13.76	15.25	13.89	13.86	15.61	15.7	16.27	16.48	16.36	17.75	12.53	12.61	13.12	13.61	11.97	12.93	13.81	13.61	13.95	13.66	13.34	14	13.83	13.97	14.51	13.86
NM_006101.1	KNTC2	1	0.97	0	0	0.25	0.45	7.9	7.55	8.36	7.16	7.37	8.08	7.09	8.14	8.83	6.59	10.47	9.85	8.38	10.07	10.34	11.22	10.92	10.76	10.1	8.21	6.39	7.98	7.54	7.94	7.33	9.76
NM_005979.1		1	0.97	0	0	0.34	1.03	11.72	10.58	9.97	9.82	10.09	10.12	10.09	9.84	11.66	9.28	11.77	12.64	11.71	12.63	14.01	13.27	13.13	12.46	12.83	9.01	10.21	9.84	10.82	11.2	9.34	10.39
NM_005181.2	CA3	1	0.97	0.02	0.02	0.29	0.78	7.18	7.99	7.28	8.14	6.51	8.36	7.04	7.48	8.38	8.02	7.82	9.56	8.39	7.83	7.73	9.37	9.87	9.61	9.66	7.83	7.21	7.54	7.35	8.56	7.54	7.62
NM_003832.1		1	0.97	0	0	0.27	1.03	12.3	11.07	9.6	11.34	9.63	12.87	11.75	9.59	12.35	12.39	14.15	13.45	13.6	13.96	14.13	14.02	14.75	14.66	14.84	9.79	11.73	9.45	13.49	13.13	13.4	13.8
NM_032777.6	GPR124	0	0	0	0	0.29	0.45	12.03	11.65	12.68	12.68	13.42	12.8	10.87	12.13	9.74	14.71	9.44	10.14	10.01	10.61	8.43	9.01	9.71	9.92	11.36	8.39	8.98	8.64	8.48	9.16	8.03	9.63
NM_000693.1	ALDH1A3	1	0.97	0	0	0.05	0.05	7.25	8.29	8.17	7.74	7.89	7.7	7.42	9.12	7.57	9.31	10.88	12.74	10.5	12.12	12.54	11.83	12.42	11.88	11.71	7.61	9.07	10.13	7.61	6.68	10.51	8.87
NM_014016.2	SACM1L	1	0.97	0.01	0.06	0.28	1.03	12.41	12.89	12.7	12.48	12.99	11.76	13.62	12.46	12.83	13.05	10.35	11.46	11.84	11.71	9.76	9.72	11.35	9.11	9.39	13.16	12.55	12.98	12.16	13.11	13.38	11.7
NM_004425.2;NM_022664.1	ECM1	1	0.97	0.06	0.03	0.26	0.86	9.72	8.15	8	10.12	8.77	9.98	9.2	9.58	10.08	8.84	11.2	11.5	11.39	11.67	11.73	11.85	11.23	8.51	11.87	10.33	9.19	8.66	11.18	9.58	9.61	8.5
		0.73	0.78	0	0	0.27	1.03	13.63	12.9	9.78	8.38	9.43	9.27	7.97	9.38	9.14	9.83	14.94	14.34	14.81	14.1	15.94	15.15	15.24	14.58	14.44	8.78	9.72	8.97	11.64	10.78	12.31	9.17
NM_000093.2	COL5A1	1	0.97	0	0	0.26	0.2	11.14	8.66	8.55	9.18	7.7	7.5	7.89	7.67	10.68	8.69	13.47	13.19	13.28	12.57	13.58	11.85	12.89	13.79	13.97	8.19	9.12	8.04	8.88	9.24	8.25	8.34
NM_016496.3	LOC51257	1	0.77	0.03	0.05	0.4	1.03	14.04	14.09	12.77	14.69	13.78	12.8	12.29	14.2	12.46	14.58	12.27	13.56	11.72	12.55	10.44	11.71	12.14	12.17	11.93	11.9	13.13	12.09	12.26	11.79	12.25	12.41
NM_002318.1	LOXL2	0.56	0.12	0	0	0.2	0.07	10.33	9.1	9.8	8.49	9.45	9.59	8.86	8.27	7.98	8.77	13.07	13.41	12.63	12.7	12.87	12.41	12.13	12.16	12.26	8.5	7.99	8.53	8.06	8.93	6.61	7.26
NM_004099.4	STOM	0	0	0	0	0	1.03	14.84	14.77	13.4	15.3	14.57	9.18	12.74	13.96	12.91	14.41	11.23	13	10.49	8.78	8.69	9.1	12.01	11.71	8.79	8.01	10.13	9.12	9.26	10.76	10.21	7.84
NM_000943.4	PPIC	1	0.86	0	0	0.29	0.23	9.8	9.66	8.7	7.75	8.52	8.66	7.86	7.3	8.63	8.41	11.96	12.02	11.96	11.59	12.11	11.91	12.09	12.05	12.59	8.01	7.88	8.5	8.01	8.47	7.97	7.44
NM_022346.2	HCAP-G	1	0.97	0	0	0.06	0.04	8.98	8.4	7.84	8.13	8.6	8.18	8.64	8.07	8.22	9.73	12.09	12.73	11.68	12.66	13.8	13.1	13.47	13.28	13.73	8.55	8.35	8.51	9.57	8.87	8.34	7.98
NM_021005.2	NR2F2	1	0.97	0	0.01	0.26	0.05	8.25	8.17	7.92	8.19	9.01	8.17	9.36	8.64	8.33	7.75	10.67	11.45	11.01	11.03	8.83	11.66	9.31	9.19	11.03	8.73	8.57	9.26	8.76	8.62	8.88	7.36
NM_001826.1	CKS1B	1	0.97	0	0	0.26	0.3	10.23	10.41	11.09	10.5	9.56	9.06	8.75	9.87	9.55	9.63	11.84	12.06	11.64	11.79	13.74	13.02	13.31	12.12	12.27	10.29	9.54	10.22	9.9	9.63	11.41	8.44
		1	0.97	0	0.01	0.26	0.13	15.02	15.1	15.03	15.4	14.89	13.02	14.09	15.06	15.85	13.94	16.35	16.19	16.16	14.33	16.97	16.37	16.28	16.3	16.83	14.93	14.95	15.64	12.17	15.68	15.58	15.9
NM_005729.3	PPIF	1	0.97	0.06	0.01	0.46	1.03	18.94	18.94	19.35	19.47	19.22	18.76	19.54	18.48	19.36	19.92	18.31	18.71	17.66	18.59	18.05	17.27	18.83	18.78	18.77	19.77	19.81	19.7	19.71	18.72	18.48	19.11
NM_005110.1	GFPT2	0	0	0	0	0.17	0.21	11.32	13.03	13.53	11.27	11.4	12.5	14.25	12.82	12.61	10.61	13.99	14.52	13.19	14.59	15.36	14.75	15.27	14.72	14.98	9.51	8.62	8.49	8.5	10.69	10.24	9.35
NM_016584.2	IL23A	0	0	0	0	0	0	14.91	16.32	18.01	13.64	16.17	15.67	18.47	17.07	18.63	12.04	19.87	17.38	19.33	18.51	18.28	19.35	19.04	16.65	16.95	8.16	8.9	10.28	11.86	12.25	11.21	12.28
NM_021629.2	GNB4	0.02	0.06	0	0	0.25	0.69	13.05	13.47	12.58	13.66	13.72	12.46	13.47	14.14	13.6	14.97	11.05	11.46	11.39	11.2	11.61	10.21	11.63	12.74	11.46	11.46	12.01	10.45	9.85	11.5	11.75	9.83
NM_000224.2;NM_199187.1	KRT18	1	0.97	0	0	0.04	0	9.6	9.64	10.43	9.64	10.62	9.68	9.71	8.84	10.37	9.27	13.69	13.46	13.32	13.51	14.14	13.53	13.78	12.75	13.09	8.76	10.15	8.04	10.56	10.18	9.21	9.79
NM_000710.2	BDKRB1	1	0.97	0	0	0.13	0.05	8.35	7.43	8.5	7.7	7.85	8.3	8.57	9.16	7.93	8.38	13.29	11.55	12.98	11.32	12.33	12.18	12.42	13.23	13.08	9.32	8.8	7.61	10.39	8.64	8.22	7.29
		1	0.97	0	0	0.26	0.21	10.85	11.64	9.76	10.12	9.67	11.05	10.96	10.66	9.7	10.66	12.42	13.31	12.03	13.22	13.34	13.33	13.19	12.66	13.48	7.12	10.72	10.19	11.09	10.43	11.52	8.35
NM_001266.3	CES1	0	0	0	0	0.42	1.03	13.16	14.34	15.2	13.68	14.07	12.88	15.91	14.39	15.47	14.23	12.92	12.45	12.86	13.13	14.06	12.11	13.95	12.56	9.69	11.76	11.42	12.19	11.13	12.86	13.96	11.41
NM_017912.1		0	0	0	0.09	0.3	1.03	10.27	11.52	9.86	10.94	11.99	12.29	13.01	13.07	13.46	13.88	8.28	10.01	10.39	10.42	6.64	7.22	10.15	8.11	8.99	7.71	10.06	8.04	9	9.52	9.73	7.4
NM_001699.3;NM_021913.2	AXL	0.05	0.01	0	0.01	0.41	1.01	12.04	11.81	11.87	11.12	10.82	10.91	10.31	10.93	6.5	11.86	13.5	14.01	13.07	13.67	13.31	12.94	13.48	13.78	13.9	13.67	14.21	11.87	13.91	11.98	8.72	13.7
NM_014783.2	ARHGAP11A	1	0.97	0.06	0.05	0.27	0.16	8.44	8.7	9.83	8.37	8.75	8.73	9.75	9.08	8.64	8.59	9.15	10.9	10.31	11.34	10.21	11.02	11.43	10.63	10.72	9.88	9.48	9.38	10.05	7.77	8.59	8.87
NM_002291.1	LAMB1	0.48	0.09	0	0	0.26	0.12	10.06	8.96	8.2	7.57	7.96	8.21	8.56	7.87	7.54	8.09	12.13	12.49	11.5	12.38	12.68	12.72	12.32	12.48	12.04	8.49	8.86	9.83	10	9.76	9.37	9.23
NM_002956.2;NM_198240.1	RSN	0.82	0.42	0	0	0.27	0.28	17.76	17.9	17.04	18.21	17.53	17.8	17.44	17.33	16.82	18.32	15.28	16.78	15.74	16.83	15.35	16.29	15.98	15.55	16.08	16.62	16.23	16.49	16.71	16.35	16.21	15.74
NM_003155.1	STC1	1	0.97	0	0	0	0	10.54	10.27	11.02	9.66	10.67	11.17	10.53	10.94	11.49	10.18	14.42	16.24	14.19	16.19	17.15	16.83	17.39	15.49	16.29	10.95	8.11	11.47	10.98	11.79	9.12	8.96
NM_003712.2;NM_177526.1;NM_177543.1	PPAP2C	1	0.97	0	0	0.27	0.21	8.55	8.49	8.29	8.1	7.67	8.12	8.64	7.56	9.29	7.65	9.81	11.22	9.58	10.71	9.45	10.67	11.71	8.96	11.85	7.95	7.59	8.24	8.24	8.44	8.63	7.39
NM_006905.2	PSG1	1	0.97	0.02	0	0.48	0.68	9.15	8.5	8.78	8.62	8.76	9.81	8.47	9.75	9.42	9.18	11.09	11.24	10.7	11.22	11.02	10.43	11.75	10.62	9.62	8.78	9.94	8.22	8.5	9.91	9.64	10.08
NM_015346.2	ZFYVE26	0.02	0.05	0	0	0.35	1.03	11.88	12.16	11.17	12.71	12.99	11.86	11.47	11.81	12.02	12.84	8.99	10.96	9.53	10.89	7.91	8.92	10.74	8.4	9.32	10.12	7.83	10.77	9.49	7.99	11.52	10.83
NM_003037.1	SLAMF1	0	0	0	0.01	0.17	1.03	16.05	15.66	15.34	16.33	16.42	13.55	14.36	15.34	13.61	15.3	11.2	14.96	13	13.25	12.74	12.73	13.17	12.23	11.26	7.52	8.11	8.81	9.09	7.67	10.7	7.67
NM_014452.3	TNFRSF21	0	0	0	0	0.25	1.03	16.84	17.08	16.92	17.22	17.24	16.92	17.7	17.32	17.28	16.38	12.7	16.25	14.1	15.66	14.42	15.32	15.04	13.23	13.82	12.68	12.74	11.6	12.15	11.3	12.05	8.53
NM_002592.2;NM_182649.1	PCNA	0.12	0.02	0	0	0.28	0.11	12.55	11.98	11.08	10.53	10	11.02	12.25	11.47	12.05	10.66	13.27	14.4	13.11	14.33	14.8	14.48	14.51	13.76	13.96	11.76	12.34	12.38	12.63	14.44	14.46	11.55
NM_002623.2	PFDN4	1	0.97	0.08	0.03	0.42	0.77	11.96	11.64	11.04	11.81	11.44	12.18	11.76	11.45	11.86	9.72	12.45	13.26	12.87	13.31	13.11	13.47	13.58	13.17	13.86	10.88	11.84	11.73	12.91	12.13	12.27	12.85
NM_014736.3	KIAA0101	1	0.97	0	0	0.25	0.44	11.47	11.23	7.9	8.09	8.59	8.58	8.4	7.94	7.85	7.68	12.69	12.99	12.48	13.05	13.84	13.7	14.28	13.12	13.81	12.01	7.34	8.34	7.8	8.42	7.08	8.22
NM_001078.2;NM_080682.1	VCAM1	1	0.97	0	0	0.43	1.03	11.05	11.96	8.27	9.95	7.99	8.23	8.63	8.17	8.68	9.89	14.18	13.16	13.94	12.82	13.46	13.1	13.68	15.17	15.04	8.06	8.43	9.5	10.62	8.77	8.18	8.78
NM_003319.2;NM_133378.1;NM_133379.1;NM_133432.1;NM_133437.1	TTN	1	0.91	0	0	0.29	1.03	12.22	11.12	9.79	10.51	10.91	9.42	10.98	10.57	8.27	8.72	12.22	13.31	12.06	13.15	13.44	13.52	13.49	12.88	13.76	10.68	11.16	11.06	11.14	11.42	11.2	9.76
NM_005475.1	LNK	1	0.97	0.02	0.08	0.38	0.81	13.65	13.08	12.58	13.32	13.5	13.93	14.14	13.45	13.95	12.73	14.63	14.69	15.19	15.17	13.68	14.68	14.09	15.3	15.57	13.1	13.79	13.94	14.27	13.28	13.31	14.15
NM_174889.2	LOC91942	1	0.97	0.11	0.03	0.26	0.13	10.18	10.6	9.46	9.96	10.04	10.38	11.2	10.29	10.79	9.39	11.19	12.19	11.04	12.14	11.75	13.52	12.31	11.93	12.43	8.53	11.17	10.25	12.03	11.65	11.14	9.34
NM_004753.3	DHRS3	1	0.97	0	0	0.47	1.03	13.23	13.24	10.98	13.01	11.21	10.14	11.87	12.66	11.47	10.67	13.12	14.08	13.63	12.9	14.53	14.96	14.34	13.79	14.22	9.7	15.6	11.82	12.58	12.05	11.34	15.66
NM_006296.2	VRK2	1	0.56	0	0	0.39	1.03	15.22	15.68	14.66	15.46	15.34	15.07	15.85	15.55	16.05	16.77	12.98	14.85	14.43	14.42	12.1	13.7	14.04	14.5	14.67	17	16.43	16.45	16.49	16.49	16.36	17.11
NM_002759.1	PRKR	0	0	0	0	0.27	1.03	11.56	13.92	12.2	12.42	14.07	14.1	15.39	15.25	15.54	16.03	11.21	11.07	12.31	11.69	9.7	10.3	11.71	13.23	12.01	10.39	9.02	11.26	11.45	11.04	12.08	10.99
NM_024101.4	MLPH	1	0.97	0	0	0.09	0.05	9.5	9.49	9.4	9.21	10.07	9.21	10.43	10.18	9.07	9.35	14.52	13.52	14.27	13.28	13.46	12.94	12.91	13.39	13.52	9.54	9.47	9.75	8.9	9.56	10.53	11.84
NM_006517.1	SLC16A2	1	0.97	0	0	0.26	0.1	9.81	10.08	8.07	8.66	8.33	7.96	8.91	6.86	8.54	8.35	11.66	12.74	10.96	12.35	11.7	12.48	13.38	12.01	12.72	9.68	8.11	8.99	7.3	9.47	9.19	8.29
NM_016303.1	WBP5	1	0.62	0	0	0.39	0.6	14.64	14.25	14.13	14.01	14.74	14.57	12.89	13.51	14.15	13.79	16.04	15.65	16	15.73	15.7	15.54	16.29	15.37	15.88	14.71	15.09	15.45	15.57	13.74	14.71	15.41
NM_001831.2;NM_203339.1	CLU	1	0.97	0.05	0.05	0	0	18.16	17.71	15.25	12.47	13.06	14.26	11.83	12.98	11.98	13.95	15.63	14.25	14.22	14.89	14.41	14.32	14.33	15.14	15.3	14.8	11.87	12.86	14.23	11.32	11.72	14.34
NM_002149.2;NM_134421.1	HPCAL1	0	0	0	0	0.39	0.89	15.39	14.49	15.34	14.67	15.26	14.03	14.29	13.66	13.83	13.36	16.33	16.21	16.4	15.8	15.65	15.81	16.3	15.36	15.71	17.25	17.19	16.69	17.15	16.78	16.11	17
NM_012322.1	LSM5	1	0.97	0	0	0.48	1.03	12.25	11.59	10.46	11.75	11.84	11.89	10.83	11.78	11.5	10.83	12.79	13.28	12.77	13.4	14	13.53	13.56	13.15	13.42	10.15	11.72	11.68	12.49	11.85	12.43	10.08
NM_003798.1	CTNNAL1	0.86	0.27	0	0	0.49	0.78	12.3	11.36	10.32	11.3	10.23	10.94	11.43	10.26	10.75	11	13.2	13.64	13.12	13.39	13.1	13.01	13.35	13.25	13.7	12.69	12.52	12.07	12.98	12.5	11.81	12.16
NM_024873.2	TNIP3	0	0	0	0.01	0.29	1.03	16.62	17.11	16.82	16.87	17.85	16.21	16.91	17.66	16.11	17.23	13.3	16.06	15.57	14.98	15.93	15.49	15.59	13.88	12.91	9.01	8.73	10.73	8.71	8.57	9.59	11.3
NM_152278.1	MGC23947	1	0.97	0	0	0.37	0.98	11.09	10.43	7.93	9.42	8.57	9.31	7.96	8.66	8.74	8.22	11.71	12.42	10.59	12.49	12.8	12.81	12.92	12.55	12.38	9.18	8.08	9.66	8.18	8.6	8.33	8.27
NM_001826.1	CKS1B	0.64	0.41	0	0	0.15	0.07	10.78	10.88	8.5	9.57	8.47	9.93	9.86	9.33	9.62	8.91	13.21	13.46	12.8	13.61	14.39	14.21	15.01	13.56	14.5	10.6	8.68	8.94	11.37	12.44	11.51	9.86
NM_031905.2	SVH	1	0.96	0	0	0.46	0.63	11.34	10.81	9.63	10.76	10.56	11.68	11.29	11.65	10.73	9.76	12.28	12.93	12.12	12.94	13.1	12.6	13.3	12.3	13.18	10.85	11.48	11.09	11.89	11.47	12.62	11.65
NM_016081.2	KIAA0992	1	0.97	0.06	0.04	0.25	1.01	13.04	12.16	9.31	8.44	9.17	9.8	10.53	7.65	7.45	8.34	11.54	11.61	11.7	11.6	10.67	9.04	11.41	9.91	12.35	9.47	11.79	10.5	8.68	10.55	8.46	8.68
NM_002157.1	HSPE1	1	0.97	0	0	0.27	0.24	14.32	14.8	14.67	13.43	13.89	13.94	13.98	14.09	14.98	13.42	15.24	15.7	15.25	15.66	16.37	15.93	16.53	15.4	15.85	13.36	13.21	13.74	14.57	15.14	15.44	14.42
	CHST3	1	0.97	0.04	0.01	0.26	1.03	13.36	12.78	7.08	8.95	8.5	9.73	9.07	7.78	11.42	7.5	10.43	11.96	10.74	11.65	11.62	8.97	11.9	8.54	11.91	7.63	7.81	7.69	7.67	10.13	8.25	8.68
		0	0	0	0	0.3	1.03	16.62	18	16.97	17.09	18.97	18.12	19.1	18.53	18.33	20.19	14.97	16.17	17.31	17.53	15.58	16.34	16.37	17.28	16.24	9.4	9.94	12.11	9.45	7.78	12.13	8.52
NM_007274.2;NM_181862.1;NM_181863.1;NM_181864.1;NM_181865.1;NM_181866.1	BACH	1	0.97	0	0	0.31	0.93	12.18	11.28	10.87	10.35	10.27	9.87	9.55	9.12	8.27	10.04	12.68	13.37	12.47	13.24	14.04	13.49	13.97	12.76	13.79	9.99	10.61	9.57	11.23	8.8	9.7	9.57
NM_000358.1	TGFBI	0	0	0	0	0.3	0.68	16.58	15.25	15.22	16.37	15.86	15.62	15.66	15.17	15.14	15.61	17.21	17.4	17.24	16.91	16.39	16.54	16.45	16.87	17.1	19.16	19.51	18.82	18.32	18.24	17.6	17.42
NM_001905.1	CTPS	1	0.97	0	0	0.26	0.23	10.42	10.38	10.15	8.93	9.78	10.17	10.91	9.61	10.36	7.8	10.98	12.95	11.57	12.95	12.09	12.26	12.47	11.65	12.89	8.03	10.13	8.03	8.29	11.51	10.18	8.59
NM_001034.1	FLJ25102;RRM2	1	0.96	0	0	0.04	0.11	10.4	9.03	9.36	7.92	8.47	9.74	9.22	8.99	9.81	7.69	11.43	13.16	11.64	13.2	14.05	13.93	14.27	12.83	13.47	8.14	9.59	7.66	8.86	9.2	9.08	8.03
NM_016311.3;NM_178190.1;NM_178191.1	ATPIF1	0.14	0.02	0	0	0.33	0.71	14.27	13.69	12.34	13.52	13.45	13.51	11.51	12.69	12.98	12.46	15.05	15.26	15.18	15.19	15.42	15.24	15.96	15.17	15.79	13.93	14.77	14.63	15.21	14.19	14.53	15.14
NM_080668.2	CDCA5	1	0.79	0	0	0.26	0.1	9.8	9.15	7.51	8.12	8	8.9	9.36	7.43	8.47	8.65	10.91	12.41	10.54	11.94	12.42	11.9	12.51	11.44	12.57	7.79	8.22	9.04	9.09	10.62	11.71	11.05
NM_021181.3	SLAMF7	0	0	0	0	0.25	1.03	15.07	17.09	17.72	15.51	17.67	16.04	18.19	17.74	18.89	17.81	16.05	14.39	16.04	14.77	15.86	15.07	16.73	14.75	13.63	11.03	10.83	12.03	11.11	12.81	15.87	9.39
		0.82	0.95	0	0	0.3	1.03	12.44	12.91	13	12.74	13.75	13.84	14.08	14.07	14.14	15.34	10.95	11.79	12.22	12.41	10.29	9.62	10.9	11.31	11.44	13.59	13.26	13.57	12.57	12.94	12.94	9.95
NM_003957.1	STK29	0.19	0.04	0.1	0.04	0.34	0.53	12.05	11.87	12.7	12.39	13.33	13.35	12.36	12.76	13.45	12.51	14.13	13.44	14.73	13.45	14.41	13.72	13.62	13.92	13.87	11.44	10.76	11	11.04	10.78	10.83	11.91
NM_002318.1	LOXL2	1	0.97	0	0	0	0	9.66	9.96	7.39	9.88	9.74	8.9	8.43	9.62	13.87	8.16	14.3	14.64	13.9	13.98	13.74	13.89	13.93	14.63	14.8	8.49	6.88	9.41	9.31	9.39	9.8	9.98
NM_018476.2	BEX1	1	0.97	0	0	0.26	0.13	12.2	12.24	10.57	10.16	12.46	11.47	10.09	9.94	10.04	9.72	13.79	14.7	13.69	14.74	14.29	13.92	14.94	13.57	14.56	12.38	12.55	12.33	13.07	10.38	8.95	9.72
		1	0.97	0	0	0.27	0.15	9.22	8.86	9.14	9.27	7.46	7.46	8.64	7.8	8.07	8.57	10.56	11.5	10.77	11.41	11.06	12.31	12.76	11.99	12.35	7.35	7.95	9.36	8.67	7.58	8.02	8.31
NM_002358.2	MAD2L1	0.95	0.77	0	0	0.26	0.1	9.55	9.72	8.55	7.7	8.64	7.05	7.87	8.55	8.32	9.46	11.65	11.98	10.05	12.04	12.59	12.8	13.45	12.49	12.6	8.48	8.66	9.86	8.13	9.34	8.24	7.7
NM_030969.2	TMEM14B	1	0.42	0	0	0.26	0.13	13.34	12.83	11.66	12.93	12.51	13	12.59	12.34	13.22	12.99	14.14	14.78	14.11	14.54	15.2	14.89	15.09	14.86	15.37	12.67	13.35	13.47	13.99	14.11	13.94	14.37
NM_007016.1;NM_181581.1	PP35	1	0.97	0	0.01	0.33	0.44	8.64	8.8	7.4	8.42	8.49	8.04	9.77	9.83	8.41	7.23	9.35	11.11	9.79	10.99	10.63	10.8	10.95	11.9	10.68	8.75	8.04	8.16	8.52	8.6	10.78	9.05
NM_002783.1	PSG7	1	0.97	0	0	0	0	7.78	7.93	7.45	7.62	8.14	8.26	7.79	7.69	8.04	10.7	11.99	13.51	12.26	13.51	13.08	13.01	13.86	12.65	13.28	8.24	7.54	8.49	7.64	6.99	8.59	9.13
NM_014438.3;NM_173178.1	IL1F8	1	0.97	0	0	0.24	0.06	9.16	9.11	8.85	7.75	9.17	9.3	9.92	10.66	8.32	7.92	11.99	12.9	11.64	12.15	13	12	12.84	12.32	10.92	7.97	9.67	8.81	8.62	8.18	11.22	8.16
NM_002422.2	MMP3	1	0.97	0	0	0.04	0.07	7.92	8.32	7.52	9	8.49	8.34	7.82	8.47	9.12	8.08	7.98	13.44	6.78	13.14	13.46	12.17	13.57	11.02	10.83	8.55	7.52	8.45	7.75	8.18	8.19	7.68
		1	0.97	0	0	0.26	0.13	11.44	10.9	9.99	10.2	10.42	9.75	11.35	11.01	12.57	9.67	14.14	13.44	13.62	13.15	13.99	12.88	13.48	14.02	12.62	8.72	9.77	9.02	10.95	9.2	12.37	8.96
NM_001540.2	HSPB1	0.87	0.4	0	0	0.27	1.03	14.87	13.93	11.2	10.96	10.91	11.42	9.87	11.1	11.25	11.75	16.26	15.66	16.19	15.61	16.87	16.38	16.52	15.87	16.14	11.22	12.17	12.18	13.29	12.05	11.84	12.38
		1	0.97	0	0	0.27	0.16	13.39	13.47	13.28	12.47	12.5	12.94	13.08	12.89	13.73	12.15	14.02	14.77	14.08	14.57	15.01	15	15.33	14.1	14.7	12.07	12.23	12.58	13.63	14.01	14.13	12.66
		1	0.97	0	0.09	0.31	0.42	13.8	14.38	14.05	14.75	13.8	9.48	13.79	14.1	14.75	12.92	15.46	15.21	15.39	14.02	16.4	15.5	15.35	14.96	16	13.74	13.73	14.92	8.28	14.9	14.63	14.78
NM_000268.2;NM_016418.4;NM_181825.1;NM_181826.1;NM_181827.1;NM_181828.1;NM_181829.1;NM_181830.1;NM_181831.1;NM_181832.1;NM_181833.1;NM_181834.1;NM_181835.1	NF2	1	0.97	0.01	0	0.16	0.04	10.28	11.05	10.24	9.58	9.9	10.28	10.91	9.92	10.73	10.61	8.45	6.81	8.59	8.72	8.96	7.72	8.3	7.53	8.01	9.58	10.77	8.4	10.94	10.17	10.75	8.95
NM_004221.3	NK4	1	0.97	0	0	0.35	1.03	10.89	8.83	10.09	10.2	10.41	8.5	7.83	7.68	8.48	8.93	12.31	11.8	11.78	11.57	12.37	12.12	11.67	11.2	10.19	8.14	9.06	10.17	8.3	9.95	7.89	8.63
NM_023009.4	MLP	0.91	0.26	0.26	0.05	0.39	0.59	16.85	17.1	16.34	16.86	16.52	16.83	17.45	17.07	17.25	17.07	15.52	15.97	15.98	16.6	16.11	16.02	16.32	16.04	16.19	17.05	18.22	17.81	17.93	18.06	18.29	17.64
NM_004721.3	MAP3K13	0.32	0.32	0.04	0.04	0.27	0.44	9.54	10.99	10.24	10.5	11.24	10.07	10.04	10.66	8.45	11.19	8.9	7.67	9.39	8.8	8.01	7.7	9.35	9.12	8.16	8.74	6.96	9.58	8.86	7.41	9.07	7.95
NM_007019.2;NM_181799.1;NM_181801.1;NM_181802.1	UBE2C	1	0.97	0	0	0.03	0	9.57	9.37	8.9	9.39	8.82	9.76	9.58	9.28	8.91	9.1	12.79	13.38	12.69	13.1	14.76	13.63	14.74	13.29	12.72	9.1	9.93	8.78	8.84	10.8	8.59	11.1
NM_003020.1	SGNE1	1	0.97	0	0	0	0	10.68	9.85	7.53	8.35	8.59	8.31	8.1	8.26	8.44	9.03	12.86	15.12	12.77	14.93	13.81	13.51	13.86	12.46	13.24	8.82	6.94	10.68	8.33	9.17	8.1	8.95
NM_018664.1	SNFT	0	0	0	0.14	0.28	0.28	13.9	13.52	9.99	14.49	13.7	13	11.25	13.4	10.49	14.82	10.52	12.38	9.69	10.72	11.41	11.62	10.78	11.18	11.16	9.37	8.33	7.88	7.77	8.53	8.33	7.88
NM_004044.4	ATIC	1	0.97	0	0	0.26	0.13	10.21	9.18	8.1	8.42	9.84	9.33	9.11	8.65	9.33	8.38	11.32	12.42	10.61	12.25	13.24	12.32	12.46	11.75	12.36	8.11	10.12	8.89	8.71	10.09	9.53	8.22
NM_002053.1	GBP1	0	0	0	0	0.26	0.86	15.86	16.28	16.16	16.18	17.85	17.86	17.11	17.48	17.83	18.75	15.26	14.97	15.81	15.55	13.45	14.46	15.38	14.41	15.25	10.53	13.96	14.2	11.82	10.61	12.26	12.03
		1	0.97	0	0.07	0.3	1.01	8.68	9.72	8.83	8.27	9.11	7.49	9.68	9.49	8.08	8.18	11.13	10.23	8.56	10.57	8.93	12.78	11.31	9.39	10.68	7.66	8.78	8.41	9.27	8.75	10.14	8.2
NM_080387.4	CLECSF8	0	0	0	0	0.43	0.62	15.66	14.9	14.54	16.25	15.93	14.71	14.16	15.51	14.73	14.86	12.85	14.59	13.7	13.29	11.75	13.63	14.05	14.06	14.12	10.57	12.24	12.42	11.81	10.48	13	12.27
NM_021000.1	PTTG3	1	0.97	0	0	0.39	1.03	12.48	12.49	11.22	11.12	11.35	11.81	11.81	12.1	12.75	9.36	13.82	13.27	13.64	13.49	14.81	14.62	14.53	13.8	14.45	11.09	10.73	10.48	11.59	12.08	11.74	10.88
		1	0.97	0	0	0.25	0.14	8.9	9.16	9.06	10.09	8.18	8.67	8.81	9.19	7.96	9.09	11.99	11.2	11.72	11.81	11.46	12	12.66	11.98	12.93	8.61	9.16	9.39	9.46	9.07	9.21	8.13
NM_005968.2;NM_031203.1	HNRPM	0.95	0.46	0	0	0.25	1.03	18.39	18.75	18.48	18.86	18.62	18.24	18.93	18.55	18.37	19.28	17.06	17.8	17.15	17.57	16.99	16.95	17.67	16.4	16.38	17.92	17.74	17.6	17.49	17.69	17.76	16.84
NM_138491.1;NM_197941.1	LOC345667	1	0.97	0	0.01	0.48	1.03	9.19	9.04	8.83	7.99	8.5	8.55	7.66	8.78	8.35	9.18	9.26	11.86	11.18	11.85	8.94	10.4	10.97	11.1	11.11	9.04	8.41	8.26	8.84	8.42	10.07	8.34
NM_002534.1;NM_016816.1	OAS1	0	0	0	0	0.26	1.03	11.05	13.78	11.58	12.37	14.94	15.52	15.89	16.23	16.44	17.39	9.8	9.64	10.87	12.21	7.3	10.62	10.09	13.11	13.33	8.61	10.55	11.69	10.73	11.14	12.74	11.62
NM_006658.2	C7orf16	0	0.05	0	0.03	0.35	1.03	11.76	15.2	6.97	12.54	13.34	13.47	13.36	15.45	15.79	12.26	8.23	10.78	11.23	11.84	10.6	12.92	14.02	10.29	8.66	9.44	7.71	9.94	10.43	7.8	10.28	8.93
NM_080388.1	S100A16	1	0.9	0	0	0.43	1.03	13.39	12.83	10.12	8.7	9.21	8.33	9.12	8.95	8.88	9.32	13.6	14.29	12.79	13.88	14.79	14.57	14.8	13.41	14.02	9.31	9.05	8.49	8.8	8.35	8.94	8.36
NM_018357.2	FLJ11196	1	0.97	0	0.11	0.34	1.03	10.47	9.51	9.08	8.38	7.63	8.61	9.54	7.92	8.85	10.39	11.22	11.7	9.82	11.48	9.65	12.47	12.11	7.74	12.19	8.3	7.69	9.56	7.83	8.99	8.34	10.78
NM_006230.1	POLD2	1	0.97	0	0	0.25	0.11	11.89	11.7	11.97	10.76	11	11.27	11.5	11.5	10.87	11.2	13.71	13.82	13.14	13.38	14.27	13.63	13.72	13.49	13.8	11.02	10.84	11.25	11.77	12.22	12.01	10.54
NM_001216.1	CA9	1	0.97	0	0	0.27	0.1	8.04	8.25	9.79	8.47	9.09	9.32	8.03	8.77	8.77	9.06	11.81	11.85	11.19	11.04	11.74	11.07	11.17	11.37	11.28	8.78	7.24	10.39	9.65	8.7	9.92	9.69
NM_004000.1	CHI3L2	0.06	0.01	0	0	0.25	0.1	11.4	11.94	10.67	12	11.32	9.64	10.92	11.3	10.8	11.35	8.19	8.4	8.05	8.39	9.16	9.02	8.66	8.23	7.47	7.94	8.93	7.88	7.64	8.84	8.84	9.7
NM_018386.1	FLJ11305	1	0.97	0.02	0.28	0.44	1.03	11.16	11.84	12.25	11.06	11.63	8.96	13.65	12.13	12.91	11	10.28	10.9	10.84	9.99	8.13	7.99	10.76	7.54	8.68	11.96	10.62	11.71	10.49	12.46	12.69	8.67
NM_005569.2;NM_016733.1	LIMK2	0	0	0	0	0.25	0.78	17.12	16.87	16.51	17.45	17.62	16.77	16.52	16.65	15.94	17.4	14.3	16.29	15.05	15.7	14.45	15.24	15.38	14.31	14.63	11.82	13.66	13.98	13.67	12.18	13.18	13.82
NM_006833.4	COPS6	1	0.59	0	0	0.34	0.51	12.7	12.61	12.5	12.18	11.98	11.31	12.16	12.08	12.22	12.18	13.9	13.99	13.72	13.88	15.03	14.31	14.67	14.28	14.07	12.92	12.25	12.93	12.85	13.46	13.61	12.65
NM_021181.3	SLAMF7	0	0	0	0	0.24	1.03	15.4	17.88	18.64	16.06	18.48	16.54	18.75	18.82	19.48	18.62	16.68	14.79	16.42	15.26	16.27	15.33	17.31	15.2	14.1	11.48	10.68	12.33	11.85	13.51	16.62	8.35
NM_003810.2	TNFSF10	0	0	0	0	0.3	1.03	12.82	11.23	12.2	12.52	13.1	13.53	12.33	14.03	13.66	15.38	10.84	11.81	11.41	10.51	7.72	7.9	9.76	11.5	11.85	11.14	11.46	11.3	10.15	8.22	10.77	11.14
NM_138337.3;NM_201623.1;NM_201625.1	MICL	0	0	0	0	0.39	1.03	15.29	15.09	15.57	15.41	16.2	15.34	15.8	15.25	16.43	15.33	14.25	14.43	14.84	14.09	13.66	13.51	14.17	14.18	13.56	11.58	11.79	11.78	11.72	11.34	13.49	12.62
NM_012145.2	DTYMK	1	0.97	0	0	0.27	0.13	10.75	10.5	10.25	8.03	10.09	9.3	10	10.11	11.41	8.3	12.35	12.76	12.06	12.83	13.39	13.3	14.04	12.76	13.58	10.41	8.21	8.75	9.63	10.19	11.22	8.29
	TYMS	0.93	0.6	0	0	0.27	0.14	12.38	11.69	11.56	9.64	7.61	10.33	8.74	9.37	7.82	8.58	13.29	14.04	12.75	14.05	14.38	14.09	14.24	13.55	14.11	11.46	10.63	10.31	11.67	10.27	9.05	7.91
NM_005114.1	HS3ST1	0	0	0	0	0.27	1.03	14.56	15.34	11.83	14.88	14.37	12.68	13.37	14.23	14.22	11.91	8.98	13.76	11	11.15	8.08	12.19	12.39	8.88	9.11	8.17	10.75	10.95	11.91	12.11	13.01	7.2
NM_001901.1	CTGF	1	0.97	0.02	0.2	0	0.03	15.19	13.73	7.51	8.57	8.67	8.1	8.7	9.12	8.47	7.87	10.69	10.73	11.27	9.74	7.72	7.69	7.85	10.39	8.5	9.35	8.67	8.97	7.82	8.47	7.51	8.64
NM_000094.2	COL7A1	0.12	0.01	0	0	0.29	1.03	10.2	10.65	10.32	10.41	10.12	10.78	9.59	8.61	8.52	11.06	12.72	13.25	12.5	12.63	12.61	11.73	12.22	13.35	12.96	12.68	12.25	11.79	12.8	10.71	11.7	12.12
NM_000758.2	CSF2	0	0	0	0	0.08	0.1	11.03	13.28	14.26	10.76	11.91	11.32	12.29	13.3	13.78	9.49	17.11	14.57	15.63	14.79	15.54	15.39	14.93	14.27	14.5	9.31	8.81	7.14	7.28	9.48	10.18	9.53
		0.83	0.36	0.02	0.01	0.42	1.02	13.58	13.44	13.22	13.69	13.69	14.7	13.63	13.66	12.65	13.44	14.61	14.5	14.75	15.01	15.86	15.06	13.76	15.22	15.49	14.33	14.17	14.92	15.08	15.3	13.74	15.81
NM_183376.1	ARRDC4	1	0.97	0	0	0.27	0.06	10.39	11.17	11.57	11.08	12.24	8.42	11.64	11.6	10.9	10.43	9.21	7.24	7.7	8.05	7.73	8.09	10.27	7.77	8.87	11.4	10.3	11.4	8.58	8.09	9.68	10.03
NM_001523.1	HAS1	1	0.97	0	0.17	0.27	1.03	13.83	13.67	13.99	13.91	13.18	9.05	15.67	13.51	14.08	10.4	12.3	13.89	12.42	10.54	12.28	8.77	11.73	8.22	8.52	13.57	13.11	11.67	9.5	10.97	9.05	9.87
NM_014791.2	MELK	1	0.97	0	0	0.27	0.1	9.07	9.28	7.91	7.59	7.66	8.49	7.38	8.82	7.95	7.88	10.97	11.91	10.59	11.85	12.32	11.97	12.4	10.66	12.48	7.53	8.06	7.49	8.06	7.79	9.11	7.42
NM_017523.2;NM_199139.1	HSXIAPAF1	0	0	0	0	0.26	1.03	11.63	13.7	11.95	12.26	14.59	14.23	15.01	15.15	15.57	16.28	9.49	10.27	12.24	12.11	8.46	10.17	10.91	12.77	11.58	10.09	11.01	12.05	11.1	10.71	11.64	12.48
NM_003600.2;NM_198433.1;NM_198434.1;NM_198435.1;NM_198436.1;NM_198437.1	STK6	1	0.97	0	0	0.25	0.13	9.92	9.92	9.05	10.26	10.06	9.64	9.64	8.3	9.69	9.55	11.11	12.2	10.9	12.01	12.91	12.26	12.74	12.35	12.22	11.47	8.92	10.26	10.92	10.27	8.09	10.23
NM_001826.1	CKS1B	1	0.97	0	0	0.27	1.03	12.96	11.83	11.98	11.78	12.31	11.47	11.53	12.24	10.88	11.69	13.92	13.75	13.48	13.76	15.43	14.8	15.22	13.98	14.28	11.54	12.11	12.15	12.53	13.1	12.88	12.12
NM_014226.1	RAGE	1	0.97	0.05	0.01	0.25	0.28	9.07	9.45	8.97	8.93	8.65	9.69	9.42	9.32	10.6	9.41	11.84	11.9	11.67	11.54	10.84	11.51	11.33	10.48	10.56	8.33	8.8	7.98	8.48	9	7.91	8.77
NM_001544.2;NM_022377.1	ICAM4	0	0	0	0	0.04	0.1	13.88	13.2	14.55	13.7	15.29	15.15	14.96	14.8	16.3	13.31	16.55	15.84	17.38	15.58	17.2	16.45	15.82	16.97	16.04	10.96	10.31	12.62	11.67	13.16	12.22	10.95
NM_002982.2	CCL2	0	0.08	0.01	0.53	0.13	0.05	17.87	17.97	13.72	16.23	15.92	16.41	18.77	17.23	19.53	17.54	15.26	16.01	15.6	15.04	15.75	16.15	15.76	15.55	15.9	13.34	12.05	15.22	13.82	16.45	16.93	10.61
NM_014288.3	ITGB3BP	1	0.97	0	0	0.24	0.17	9.57	9.74	10.03	9.59	9.19	9.66	9.05	9.24	8.13	8.98	11.88	11.67	11.61	12.07	11.6	12.65	12.46	12.47	12.83	9.14	10.19	9.53	10.94	8.87	9.6	8.7
NM_013390.1	TMEM2	0.4	0.37	0	0.01	0.29	0.9	13.84	14.14	13.53	14.85	14.43	14.03	14.53	14.1	13.75	13.96	12.56	12.72	12.88	12.72	12.74	12.06	11.32	8.93	11	12.4	12.31	13.03	12.73	12	12.57	9.47
NM_000190.2	HMBS	1	0.97	0	0	0.26	0.55	10.7	9.95	9.15	7.9	8.91	9.2	8.57	8.57	8.16	8.56	11.19	12.39	11.03	12.3	12.5	12.62	12.84	11.39	12.9	9.17	8.44	9.79	9.8	9.77	9.04	8.22
NM_013447.2;NM_152916.1;NM_152917.1;NM_152918.1;NM_152919.1;NM_152920.1;NM_152921.1	EMR2	0.75	0.3	0	0	0.33	1.03	16.42	17.09	16.32	16.96	16.4	16.79	17.51	17.17	16.97	16.78	13.59	15.94	14.56	15.61	14.89	15.51	15.38	13.53	14.11	15.72	15.68	15.27	16.21	16.19	16.36	14.29
NM_001255.1	CDC20	1	0.97	0	0	0.3	0.44	8.81	9.3	8.62	7.79	8.67	7.94	7.66	9.1	7.8	6.6	11.04	11.47	10.73	10.81	11.66	11.25	11.83	11.58	9.79	8.1	7.87	7.2	9.42	7.74	7.5	7.87
		1	0.97	0	0.02	0.25	0.16	7.95	8.82	8.86	7.61	8.95	7.49	8.28	8.8	8.24	7.73	10.6	10.91	10.87	11.11	11.84	11.02	10.79	6.64	9.89	9.06	8.48	8.26	8.52	8.65	7.7	10.83
NM_033405.2	PRIC285	0	0.08	0	0.01	0.24	0.14	12.67	12.37	12.23	11.94	13.53	12.27	13.05	13.73	13.49	14.7	11.05	10.59	11.69	11.31	9.27	9.7	9.61	7.91	8.81	10.72	9.69	11.37	9.84	8.99	9.36	7.61
NM_178508.2	MGC57858	1	0.97	0	0	0.27	0.13	14.05	13.66	14.43	13.89	15.18	14.82	13.6	14.46	15.86	13.74	15.79	15.41	16.94	15.41	15.4	15.56	15.83	15.94	15.57	14.49	13.97	14.26	13.74	13.58	13.8	14.13
NM_001628.2	AKR1B1	1	0.97	0	0	0	0	13.67	13.02	13.7	13.15	12.82	12.84	14.33	13	14.83	13.55	17.25	16.87	16.84	16.73	17.12	16.69	17.25	16.83	17.45	11.75	12.6	12.8	12.52	13.24	14.18	13.14
NM_001033.2	RRM1	1	0.97	0	0	0.27	1.03	11.75	10.89	9.65	10.69	9.94	8.42	10.55	9.39	9.79	9.99	11.8	12.84	11.61	12.19	12.7	13.6	13.2	12.24	12.4	11.13	11.41	11.33	11.03	10.02	9.92	10.1
NM_006084.3	ISGF3G	0.25	0.07	0	0	0.47	1.03	15.36	16.34	15.99	15.73	16.87	16.54	17.26	16.71	16.86	17.05	15	14.74	15.38	15.77	13.98	14.89	14.89	14.85	14.98	15.11	15.26	16.02	15.11	14.85	15.28	14.79
NM_178314.2	FLJ39378	1	0.92	0	0	0.25	1.03	10.79	8.64	9.65	8.39	8.6	8.52	7.66	9.24	8.87	8.85	11.61	11.84	11.38	11.82	10.65	13.16	11.64	11.86	12.08	9.38	9.18	9.68	10.44	8.13	8.23	9.95
NM_015529.1	MOXD1	1	0.97	0.11	0.01	0.29	0.32	12.79	11.72	7.78	8.41	8.86	7.63	8.3	8.04	8.58	7.34	9.89	10.41	9.5	10.16	9.32	9.82	9.98	8.44	11.82	9.48	8	8.26	7.81	8.34	10.34	9.66
NM_004670.2	PAPSS2	0.03	0.09	0	0	0.29	1.03	14.07	14.54	14.4	14.72	13.04	12.42	13.92	14.04	13.11	12.83	12.39	13.64	11.33	12.35	11.92	11.89	12.24	10.43	9.04	12.53	12.41	11.29	11.7	11.17	12.11	7.98
		1	0.97	0	0	0.25	0.1	8.41	9.45	8.39	7.69	7.96	8.06	9.15	8.96	10.49	9.31	11.14	11.43	10.87	11.74	9.73	12.33	11.44	11.03	10.87	8.15	8.3	8.15	8.63	8.9	9.6	8.84
NM_001554.3	CYR61	1	0.97	0	0	0.26	1.03	14.83	13.8	8.27	8.66	8.06	7.45	8.03	8.01	7.83	8.57	14.03	13.8	13.67	13.07	10.99	11.29	11.15	14.13	13.07	7.56	8.83	9.76	9.25	7.18	8.05	7.98
NM_001257.2	CDH13	1	0.97	0.01	0.03	0.26	0.1	7.54	7.78	7.87	7.87	8.41	7.76	7.19	8.2	9.89	10.33	10.58	10.08	9.05	9.67	10.56	10.17	10.12	10.26	9.06	8.07	7.74	8.61	7.92	7.65	7.79	7.55
NM_007057.2;NM_032997.1	ZWINT	1	0.93	0	0	0.34	0.43	10.02	10.15	7.36	7.66	9.59	8.73	8.29	7.47	8.17	8.63	11.79	12.28	11.57	12.36	11.9	12.02	13.15	13.14	13.12	8.03	8	8.8	7.45	7.69	6.87	8.76
NM_012288.1		1	0.85	0	0	0.25	1.03	9.37	8.83	8.36	8.18	8.51	8.7	8.95	8.71	7.49	8.1	8.79	10.94	9.77	10.29	11.26	12.44	10.15	10.53	7.74	10.66	9.02	9.53	8.87	9.24	8.35	7.54
NM_018593.3	SLC16A10	1	0.97	0	0.02	0.39	1.03	14.96	15.05	15.32	15.16	15.59	14.74	15.21	14.69	14.55	14.17	11.27	14.36	13.38	13.98	12.75	13.13	13.37	9.75	10.13	16.55	15.54	15.85	15.33	14.79	13.28	12.03
NM_006714.2	SMPDL3A	0	0	0	0.01	0.42	0.85	17.29	17.72	17.19	17.62	17.59	17.43	18.43	17.81	17.89	18.57	15.47	16.52	16.16	16.63	15.6	16.57	16.95	16.11	16.17	13.88	14.55	14.88	14.45	13.87	15.11	14.31
NM_022350.1	LRAP	1	0.97	0.01	0.05	0.27	0.83	9.36	6.99	8.06	9.92	9.44	9.22	6.04	7.89	9.68	6.66	10.15	11.3	11.12	11.05	11.98	11.31	12.04	10.56	11.89	7.16	10.35	9.41	11.05	10.96	9.54	7.63
NM_003247.2	THBS2	0.85	0.44	0	0	0.26	0.15	9.66	9.02	9.52	8.84	9.05	9.35	8.58	9.32	9.01	8.95	12.51	12.42	12.12	11.86	11.48	11.26	12.08	11.57	12.76	8.52	9.91	10.56	10.82	9.87	9.94	10.62
NM_018685.2	ANLN	1	0.97	0.16	0.04	0.25	0.59	9.08	9.74	9.87	9.19	9.9	9.58	9.55	9.69	9.59	10.78	10.7	12.29	11.36	11.18	12.04	11.59	12.43	12.03	10.8	9.01	9.16	9.89	9.07	9.69	9.57	11.25
NM_018492.2	TOPK	1	0.97	0	0	0.25	0.16	8.6	9.09	7.48	8.44	8.35	9.05	9.25	7.73	8.25	6.95	10.67	11.3	10.4	11.41	12.48	11.33	12.1	10.42	11.42	13.28	7.67	9.19	7.79	7.9	8.36	8.29
NM_005429.2	VEGFC	1	0.97	0	0	0.04	0.03	8.56	8.8	8.64	7.26	8.6	8.78	8.59	8.71	10.3	8.29	12.36	13.48	12.05	13.15	12.75	12.88	12.4	11.85	12.68	8.55	10.02	7.74	8.81	8.24	9.68	8.88
		0	0	0	0.01	0.16	0.05	11.62	11.31	12.3	12.17	13.81	14.8	12.95	12.91	13.37	11.37	14.14	13.93	15.33	14.97	12.87	14.37	13.6	13.59	14.74	7.83	8.49	10.63	9.59	9.2	9.12	7.76
NM_022837.1	FLJ22833	0	0	0	0	0.31	1.03	15.93	16.05	15.2	16.46	16.85	16.51	16.53	16.08	15.33	17.45	12.77	15.23	13.9	14.95	12.16	14.47	14.13	13.18	13.83	14.13	13.88	14.33	15	14.56	14.62	14.95
NM_032023.3;NM_178145.1	RASSF4	0	0	0	0	0.29	0.87	14.81	15.27	14.23	15.35	16.85	15.67	15.04	15.37	14.79	18.64	12.33	13.83	13.63	14.21	12.72	13.48	14.19	15.2	15.25	8.19	8.21	10.59	10.6	11.37	13.44	12.53
		0.02	0.05	0	0.01	0.25	0.14	11.98	12.06	12.97	11.86	13.5	13.31	12.77	12.97	14.24	11.96	14.52	13.61	15.25	13.58	14.52	14.19	13.7	14.38	14.14	11.72	10.68	10.55	10.08	10.77	11.07	12.24
NM_005139.1	ANXA3	0.86	0.51	0.22	0.05	0.31	0.89	8.86	9.77	10.97	9.1	9.47	9.02	9.57	9.3	11.05	8.97	12.47	11.74	11.4	11.85	10.76	11.39	11.97	9.92	11.81	8.9	9.28	8.26	7.73	9.38	8.45	7.79
NM_003633.1	ENC1	0	0.02	0	0.01	0.26	0.05	14.41	13.48	7.33	10.07	9.32	7.78	9.73	7.81	9.02	6.82	11.37	12.29	11.75	12.07	9.8	10.81	11.22	12.55	13.05	10.69	13.25	11.7	13.36	11.28	8.5	12.68
NM_024955.4	FLJ23322	1	0.97	0.06	0.01	0.47	1.03	8.73	7.55	8.05	8.25	8.1	8.02	8.93	8.48	7.39	7.78	10.18	9.89	8.92	9	11.23	10.12	9.38	7.75	8.39	8.26	7.24	7.41	8.41	7.87	8.73	8.11
NM_007190.2	SEC23IP	1	0.64	0	0	0.28	1.03	12.47	12.79	13.17	12.33	12.45	12.82	13.24	12.28	13.48	12.98	11.05	11.36	11.18	11.95	10.44	9.79	11.49	11.22	10.73	12.28	11.82	12.13	12.42	11.89	12.13	11.67
NM_016071.2;NM_053035.1	MRPS33	1	0.97	0	0	0.26	0.16	11.66	11.57	8.72	11.71	11.06	11.4	10.67	11.5	11.46	10.74	12.68	13.35	12.49	12.87	13.68	13.55	13.48	13.19	13.7	9.09	11.93	10.42	12.03	12.09	11.48	11.18
NM_024510.2	MGC4368	1	0.97	0.01	0.03	0.48	1.03	15.1	15.72	16.07	15.46	15.88	15.49	15.5	15.57	15.5	17.42	14.87	14.41	14.39	14.73	14.22	14.21	15.1	14.42	14.37	16.69	15.54	15.94	16.02	16	16.65	16.36
NM_005947.1	MT1B	0.25	0.11	0	0.01	0.07	0.03	11.72	11.73	11.68	12.13	13.63	13.52	11.87	13.16	13.39	12.73	14.13	14.63	14.25	14.59	15.35	14.84	14.78	13.84	14.29	9.92	10.53	13.56	12.26	11.79	10.55	10.97
NM_015296.1	DOCK9	1	0.97	0.02	0.41	0.26	0.07	8.63	7.34	7.37	8.45	6.96	7.64	7.99	6.99	11.93	8.11	8.48	12.05	9.96	9.8	9.05	10.15	9.97	7.34	7.88	8.81	7.41	9.35	7.76	8.34	8.53	8.68
NM_000594.2	TNF	0	0.01	0	0.01	0.13	0.11	14.88	14.24	16.31	14.18	16.39	14.97	15.55	15.07	15.74	13.93	19.28	16.33	19.58	16.77	15.66	16.73	15.14	16.92	16.8	12.75	12.09	14.52	12.8	13.76	12.85	8.84
NM_001462.1	FPRL1	0.82	0.27	0.06	0.05	0.31	1.03	13.63	13.01	12.52	14	13.53	11.74	14.1	13.21	13.38	13.71	11.07	12.87	12.03	10.91	10.65	10.33	11.72	12.23	10.53	11.38	12.96	12.63	11.62	12.46	11.58	12.34
NM_022842.3	CDCP1	0	0	0	0	0.13	0.05	10.74	10	10.36	10.61	9.14	10.22	10.71	10.85	11.07	9	12.48	13.96	11.21	13.58	13.57	13.24	13.74	12.65	13.2	15.72	14.42	13.79	13.66	12.57	10.37	12.46
NM_004665.2;NM_078488.1	VNN2	0.25	0.11	0	0	0.25	1.03	14.18	15.31	14.58	15.02	15.2	14.66	16.6	15.9	15.47	16.01	12.81	13.78	11.88	13.05	10.73	12.45	13.46	13.35	13.28	13.3	13.55	12.82	13.69	13.54	14.74	13.26
NM_006082.1	K-ALPHA-1	1	0.97	0	0	0.39	0.9	15.99	15.94	15.1	14.88	15.18	15.65	15.68	15.67	15.51	15.54	16.92	16.73	16.49	16.64	17.8	17.17	17.86	17.14	17.16	15.01	14.78	14.84	15.88	15.98	15.92	15.33
		0.74	0.62	0	0	0.26	1.03	17.41	17.46	17.37	17.62	17.36	15.71	18.2	17.17	16.81	19.75	15.1	16.86	15.9	15.72	16.01	15.47	16.05	16.87	15.38	19.32	18.7	18.5	17.62	18.25	17.95	18.32
NM_031207.2	HT036	1	0.97	0	0	0.07	0.06	10.63	9.42	9.27	9.92	9.8	9.65	9.37	9.28	9.39	9.94	12.98	13.64	12.94	13.5	13.15	13.58	13.12	12.05	13.37	8.2	8.6	10.05	9.66	9.46	10.24	11.42
		0	0	0	0	0.25	1.03	16.15	16.49	15.57	16.8	16.09	16.58	17	16.3	15.95	15.4	11.61	15.64	13	15.32	12.81	14.51	14.72	12.72	12.9	10.92	11.74	10.5	10.68	10.16	10.31	8.75
NM_000935.1;NM_182943.1	PLOD2	0.88	0.75	0	0	0.46	1.03	11.67	12.39	9.3	11.45	10.78	11.68	10.17	11.32	10.31	13.14	13.61	13.68	13	13.3	14.36	13.35	14.11	14.3	13.97	11.48	12.67	12.05	13.43	11.35	11.16	10.9
NM_004244.3;NM_203416.1	CD163	1	0.97	0	0	0.23	0.07	15.69	14.42	13.1	16.34	15.56	14.67	13.38	13.92	12.67	18.12	10.9	13.87	11.65	13.04	11.49	11.9	12.08	14.23	14.57	13.18	13.04	13.22	14.5	14.41	14.42	13.43
NM_001740.2;NM_007087.1;NM_007088.1	CALB2	1	0.97	0	0.07	0.39	0.51	8.47	8.41	9.27	8.21	8.47	8.06	7.6	7.69	8.29	7.95	8.09	10.42	8.27	10.26	11.43	10.62	10.74	8.04	7.97	7.87	8.04	10.12	8.83	8.41	7.57	11.11
		1	0.97	0.18	0.01	0.26	0.97	16.67	15.94	16.31	16.38	15.92	16.78	16.59	16.3	16.42	16.13	16.87	17.44	16.85	17.31	17.78	17.66	17.43	16.82	17.35	16.72	16.53	16.86	17.08	17.1	16.78	16.39
NM_005433.2	YES1	1	0.97	0	0	0.47	1.03	12.09	10.56	9.76	10.2	8.08	8.13	7.61	8.17	8.9	7.86	11.94	13.16	11.91	12.85	12.71	12.75	13.38	12.85	13.17	8.1	10	8.77	9.15	8.21	8.11	9.57
NM_033050.2	GPR91	0	0.04	0	0	0.27	1.03	12.2	14.09	12.41	13.14	15.3	14.85	12.44	14.09	13.78	14.68	10.41	11.56	11.68	11.98	11.26	10.87	13.46	11.15	10.21	10.5	11.01	9.72	9.5	9.59	12.44	7.73
NM_004260.1	RECQL4	0	0	0.02	0.25	0.17	0.06	13.26	13.33	13.84	13.58	16.15	16.11	14.19	14.67	15.81	13.49	15.47	15.19	16.69	15.84	15.54	15.69	15.79	17.05	17.25	8.52	7.66	10.93	10.3	11.65	11.99	8.81
NM_001070.3	TUBG1	1	0.97	0	0	0.25	0.13	12.14	12.15	12.14	11.27	11.76	11.09	12.15	12.03	12.32	10.08	13.84	13.85	13.37	13.51	13.98	14.09	14.66	13.9	14.07	12.13	11.64	11.57	12.31	12.97	12.28	11.03
NM_018953.2	HOXC5	0.07	0.08	0	0.06	0.24	0.1	12.45	12.51	12.71	12.58	14.52	14.86	13.22	13.51	14.72	12.52	14.26	14.32	15.68	14.54	14.69	15.17	14.38	15.87	16.03	11.72	11.51	11.57	11.16	12.06	11.11	10.74
		1	0.97	0	0	0.26	0.11	8.41	8.29	9.7	8.01	7.87	7.73	8.63	8.78	9.16	8.12	10.52	11.07	10.74	10.96	10.91	11.02	11.06	8.52	9.8	8.82	8.28	8.2	8.02	8.54	7.73	7.68
		0	0.05	0	0.01	0.26	0.62	11.6	11.59	8.87	12.24	14.42	13.49	13.79	13.49	14.32	15.53	9.88	9.77	11.07	10.03	12.79	8.55	10.01	8.09	8.19	9.89	9.24	10.72	10.31	11.64	13.5	8.68
		1	0.8	0	0	0.41	1.03	7.04	8.18	8.22	7.66	7.58	7.53	8.47	8.33	8.7	8.71	11.03	10.16	10.49	10.55	10.94	8.35	10.55	8.94	11.55	8.51	8.38	9.05	7.88	8.24	9.66	10.19
NM_004199.1	P4HA2	1	0.97	0	0	0.08	0.03	11.2	11.35	11.42	10.95	11.18	11.65	10.82	11.26	10.12	13.05	14.39	14.53	14.15	14.08	15.02	14.32	15.42	15.18	15.41	10.43	11.16	11.82	12.36	11.51	10.73	12
NM_000269.2;NM_002512.1;NM_176827.2;NM_198175.1	NME1;NME2	1	0.97	0	0	0.49	0.77	11.8	11.88	10.16	10.71	9.27	10.32	9.78	11.16	9.4	9.66	12.46	13.16	12.16	13.08	13.52	13.51	13.3	12.6	13.12	8.63	8.84	8.82	9.77	11.26	10.92	9.65
NM_014824.1	FCHSD2	0	0	0	0	0.26	0.94	13.94	14.39	14.25	14.53	14.31	13.8	14.53	14.45	14.85	14.61	12.28	12.82	12.61	12.64	12.87	12.07	13.68	12.27	12.94	12.07	11.99	12.15	11.63	12.89	13.92	11.24
NM_000165.2	GJA1	1	0.97	0	0	0.37	0.86	13.46	12.8	8.36	8.82	8.71	9.34	9.4	9.4	8.96	8.85	11.29	11.35	10.69	11.01	12.48	11.5	12	11.92	11.48	9.14	8.38	9.44	9.24	9.88	9.01	9.92
NM_016343.2	CENPF	1	0.97	0	0	0.26	0.86	10.91	9.71	9.03	8.91	8.53	8.02	9.15	9.07	9.38	8.79	12.12	12.47	12.03	12.43	12.8	12.91	13.49	13.42	13.98	8.35	8.39	9.22	8.15	8.26	8.36	9.14
NM_005032.3	PLS3	1	0.97	0	0	0.27	0.1	11.09	10.63	8.39	8.58	8.17	9.57	8.36	7.89	7.85	8.62	12.26	13.31	11.98	13.18	13.39	13.1	13.48	13.11	13.77	7.81	8.35	7.88	7.79	9.73	9.65	8.06
NM_003720.2	DSCR2	1	0.97	0	0	0.27	0.1	11.14	10.92	11.49	10.78	10.95	10.49	10.78	11.13	10.34	9.98	12.27	13.32	12.68	13.15	13.72	13.21	13.14	12.39	12.74	7.89	9.46	10.52	10.65	11.03	11.37	11.62
NM_012105.3;NM_138991.1;NM_138992.1	BACE2	1	0.97	0	0	0.14	0.04	9.53	8.93	8.02	8.52	8.04	8.47	7.83	8.5	7.41	9.09	12.84	13.06	12.33	12.62	13.6	12.64	12.93	12	12.97	7.38	8.09	8.78	7.92	7.83	8.77	10.17
NM_014840.2	ARK5	0.82	0.65	0	0	0.37	0.43	12.72	12.38	6.89	8.1	6.62	9.79	8.32	8.07	7.99	8.39	10.83	10.88	9.86	10.88	8.96	10.47	10.65	10.15	11.29	8.4	9.17	8.39	8.3	8.85	9.39	8.71
NM_001953.2;NM_005138.1	ECGF1;SCO2	1	0.97	0	0	0.27	1.03	17.1	16.6	17.38	17.23	16.74	15.12	17.57	16.91	17.08	18.07	15.52	16.4	15.64	15.45	15.69	14.66	15.64	15.64	13.81	17.59	17.17	16.97	14.72	16.73	16.71	15.88
		1	0.97	0	0.03	0.26	0.52	8.14	8.61	8.21	8.16	8.86	8.45	8.35	10.47	8.47	8.67	11.47	11.79	10.85	10.86	12.99	10.6	11.15	7.8	8.49	9.22	8.47	8.73	8.69	7.65	8.81	10.23
NM_003311.2	PHLDA2	0.39	0.1	0	0	0.4	0.76	13.74	13.83	13.24	13.09	13.88	13.9	14.11	13.39	13.69	12.31	14.74	15.2	14.98	15.22	14.9	14.84	14.98	15.03	15.37	11.16	11.41	12.45	13.09	13	12	12.53
NM_002029.3	FPR1	1	0.97	0.05	0.01	0.26	1.03	16.7	16.19	14.33	17.13	16.37	15.32	16.21	16.07	15.36	16.74	13.36	16.12	14.69	14.85	14.54	14.51	14.64	15.47	15.37	13.58	16.97	15.97	16.35	16.01	15.11	17.12
NM_021105.1	PLSCR1	0	0	0	0	0.38	1.03	17.78	18.08	17.83	18.05	18.85	18.29	19.07	18.6	18.79	19.02	14.79	17.36	16.85	17.15	16.26	16.52	16.77	16.35	16.44	16.19	16.99	16.82	16.87	16.22	16.7	16.94
NM_001204.4;NM_033346.2	BMPR2	1	0.97	0.03	0.06	0.37	1.03	11.75	13.08	11.3	12.41	12.44	13.33	13.24	13.54	13.73	13.95	9.43	10.77	10.79	11.47	11.78	10.23	12.68	9.35	9.66	11.94	12.88	12.59	13.05	12.7	13.13	13.48
NM_001792.2	CDH2	1	0.97	0	0.09	0.27	1.03	12.16	11.65	7.69	8.65	8.23	8.08	8.54	8.28	5.96	8.06	10.31	11.01	10.02	11.17	9.46	8.07	11.03	8.16	10.76	8.03	8.09	8.44	9.35	7.91	9.07	9.5
NM_002522.1	NPTX1	1	0.97	0.05	0.14	0.26	1.03	12	11.12	7.89	8.28	7.66	7.36	7.72	7.56	8.13	7.84	7.62	10.54	8.04	9.98	9.64	7.57	9.44	11.46	10.87	9.37	8.81	9.69	7.74	8.13	7.86	8.76
		1	0.62	0	0	0.26	0.14	11.76	11.6	8.85	10.62	10.56	9.96	10.35	9.56	10.37	10.02	13.77	13.46	13.84	13.49	13.93	13.84	14.58	14	14.44	10.8	10.94	11.02	11.78	12.05	11.38	11.08
NM_001099.2	ACPP	0	0.02	0	0	0.27	1	13.43	13.66	12.14	14.44	13.88	13.07	12.13	13.46	9.97	14.85	8.81	12.03	9.47	10.78	7.75	10.26	7.89	11.68	11.19	9.06	9.82	8.38	10.54	10.01	8.83	7.43
NM_014945.1	ABLIM3	1	0.97	0	0	0.16	0.14	9.19	10.22	11.53	9.89	9.17	11.75	8.85	11.93	8.63	10.91	12.56	13.51	12.63	13.6	12.85	12.65	13.34	13.46	13.93	9.87	9.58	9.49	11.56	9.52	10.21	10.22
		0.01	0.09	0	0	0.25	0.44	10.9	11.37	10.53	11.21	12.14	10.69	11	11.3	8.33	12.02	7.69	8.95	8.28	8.63	8.87	8.39	6.63	8.05	7.78	7.42	8.87	8.16	8.43	8.65	9.86	8.48
NM_014751.2	MTSS1	0.12	0.03	0	0.09	0.46	1.03	13.24	11.87	11.27	12.79	12.27	13.25	11.46	11.12	10.67	12.32	13.22	13.89	13.92	14.44	9.57	14.01	12.33	14.08	14.39	11.76	13.42	14.14	14.75	13.12	13.56	14.13
NM_012112.4	TPX2	1	0.97	0	0	0.26	0.81	10.39	9.06	7.6	8.26	8.37	7.95	8.18	8.07	7.71	6.9	11.35	12.06	11.15	11.48	12.18	12.22	12.13	11.61	12.18	9.59	9.7	8.08	8.44	8.4	7.06	7.53
		1	0.35	0	0	0.26	0.92	14.87	13.87	13.48	14.14	13.8	14.79	14.22	13.69	13.76	14.02	14.61	15.79	14.73	15.86	15.53	15.88	15.16	15.51	15.98	14.17	14.95	14.91	15.66	15.42	14.74	15.42
		0.9	0.44	0	0	0.27	1.03	15.85	16.12	14.9	16.56	15.54	15.96	15.32	15.54	15	16.56	13.32	15.1	13.71	14.93	13.48	14.42	14.66	13.97	14.76	14.3	14.18	14.48	14.91	14.4	14.44	14.53
NM_022361.3	POPDC3	1	0.97	0	0	0.09	0.07	9.63	8.93	9.07	8.85	10.05	9.86	10.05	9.24	9.03	8.92	12.75	12.93	12.6	12.37	13.62	13.15	13.69	13	13.14	9.23	7.84	8	7.95	9.53	11.79	9.72
NM_152515.2	FLJ40629	1	0.97	0	0	0.27	0.11	8.97	7.87	7.08	8.52	7.46	8.32	8.75	8.87	7.68	8.49	10.73	11.46	10.68	11.04	12.15	11.19	12.03	11.57	11.29	9.9	7.95	9.23	8.25	8.51	8.06	7.89
NM_004878.3;NM_198797.1	PTGES	0.07	0.06	0	0	0.36	1.03	14.58	14.76	11.65	14.31	10.49	11.72	13.87	14.78	13.86	13.28	14.98	15.22	12.84	13.35	14.49	16.38	15.65	14.91	15.57	11.74	12.1	10.55	11.38	11.51	11.69	11.49
		1	0.97	0	0	0.19	0.05	8.76	8.03	9.14	8.72	8.5	8.76	9.19	8.73	9.24	8.91	9.85	11.92	8.7	11.74	11.23	12.1	12.74	11.47	12.44	8.95	10.03	8.38	9.02	9.65	9.29	9.97
NM_005192.2	CDKN3	1	0.97	0	0	0.26	0.21	10.48	10.34	9.93	11.03	10.26	8.94	10.2	8.92	9.14	8.78	12.77	12.38	12.65	12.25	12.74	13.24	13.15	12.52	13.05	8.46	8.93	9.97	10.07	8.65	9.65	8.71
		1	0.97	0.03	0.05	0.25	0.05	7.78	8.21	10.42	7.6	7.85	9.44	10.13	9.22	8.74	7.3	9.16	10.76	10.52	11.04	11.23	11.12	11.13	9.61	11.33	8.88	9.25	10	8.54	9.23	9.21	7.76
NM_021914.5;NM_138638.1	CFL2	1	0.97	0	0	0.32	0.51	10.73	10.18	8.5	9.39	8.61	8.56	9.7	8.21	8.73	10.52	11.92	12.43	11.46	11.42	12.87	12.47	13.09	12.31	11.3	8.76	8.14	9.14	9.31	8.5	9.65	8.59
NM_004181.3	UCHL1	1	0.97	0	0	0.04	0	12.38	11.8	9.37	8.78	7.61	8.15	8.17	8.89	8.89	8.4	14.69	15.23	14.35	14.76	15.94	15.12	15.73	14.89	14.4	7.49	9.37	9.11	8.3	8.54	10.65	8.15
		1	0.97	0	0	0.25	0.11	8.3	9.31	7.51	8.46	8.01	9.06	8.12	7.53	8.74	8.57	12.5	11.61	12.08	11.68	13.23	11.97	12.42	12.5	12.78	11.64	8.09	8.96	8.34	8.76	8.44	9.35
NM_000321.1	RB1	1	0.97	0	0	0.34	1.03	15.37	15.61	14.97	15.78	15.08	15.69	15.91	15.55	15.32	16.97	13.26	14.59	14.02	14.56	14.02	13.97	14.34	14.27	14.55	15.38	15.51	14.96	15.9	15.26	15.13	16.4
NM_004004.3	GJB2	0	0	0.02	0.28	0.41	1.03	13.64	13.77	13.99	14.02	13.57	10.79	14.42	13.89	15	11.92	12.45	13.29	12	11.74	10.01	11.11	12.83	11.88	9.6	8.67	9.99	9.19	9.44	8.45	10.75	9.52
NM_033255.1	EPSTI1	0	0	0	0	0.26	1.03	13.44	16.03	14.5	14.49	17.19	16.85	17.48	17.62	17.56	18.91	12.41	12.6	14.72	14.17	11.33	13.44	13	14.43	14.52	12.11	12.91	14.8	13.61	13.15	13.73	14.2
NM_016183.2	C1orf33	1	0.97	0.06	0.04	0.29	1.03	10.27	11.03	10.92	9.25	9.11	10.24	11.65	10.84	10.79	9.09	11.81	13.05	10.18	12.67	13.33	12.26	12.69	12.46	12.32	9.77	9.4	9.19	10.65	11.77	11.05	8.54
NM_178012.3	MGC8685	1	0.97	0	0	0.37	1.03	16.42	15.55	11.72	12.53	12.48	12.53	11.71	13.22	12.7	12.65	15.36	14.89	15.03	14.86	14.86	14.9	15.25	15.03	15.57	12.04	12.54	12.1	12.47	11.53	12.07	11.66
NM_004237.2	TRIP13	1	0.97	0	0	0.26	0.11	9.81	9.56	9.98	8.84	8.08	8.31	9.67	9.65	8.39	9.3	10.99	12.5	11.05	12.27	10.25	11.98	12.43	11.48	12.6	8.36	10.38	8.32	9.35	10.8	9.06	9.57
NM_006765.2;NM_178234.1	TUSC3	1	0.97	0	0	0.47	1.03	12.03	11.18	10.68	6.93	7.57	7.95	8.47	8.42	9.45	7.56	12.4	13.16	11.94	13.11	12.38	13.18	13.72	12.79	13.65	7.2	7.95	7.46	7.89	7.05	8.48	8.82
NM_022145.2	FKSG14	1	0.97	0.01	0.01	0.27	1.03	9.47	7.81	9.04	9.32	7.58	8.12	9.78	9.86	7.69	8.48	10.94	10.76	10.86	10.63	10.64	11.34	11.98	12.2	11.13	7.85	7.5	8.05	8.35	8.32	9.84	8.37
		1	0.97	0.01	0.18	0.41	0.8	13.53	12.99	13.13	13.16	13.3	13.78	14.35	13.31	14.01	11.37	15.32	14.6	15.64	14.85	13.59	14.56	14.19	14.63	15.06	12.91	12.81	13.14	13.69	13.92	13.79	12.38
NM_000591.1	CD14	0.03	0.01	0.02	0.03	0.37	0.96	17.2	17.53	15.87	17.57	16.6	17.23	18.67	17.51	18.27	17.76	14.15	16.48	15.48	16.23	15.66	16.26	15.93	16.78	16.77	19.33	19.36	19.05	18.83	19.31	19.5	19.6
NM_002345.2	LUM	1	0.97	0.06	0.02	0.42	0.78	8.81	9.21	9.71	8.42	9.14	8.87	9.93	9.55	9.73	7.89	11.78	11.28	9.96	11.4	11.9	10.94	11.35	12.14	10.72	9.03	9.53	8.59	8.94	9.4	9.39	9.66
NM_003592.2	CUL1	1	0.87	0.04	0.02	0.32	1.03	14.25	15.1	14.15	14.69	14.46	13.79	14.49	14.91	14.25	15.3	13.01	13.57	12.71	12.97	13.08	12.99	13.19	12.3	12.14	13.75	14.03	13.65	13.39	13.57	13.52	13.1
NM_006636.2	MTHFD2	0.11	0.02	0.03	0.01	0.34	1.03	14.94	15.96	15.75	15.53	15.35	15.85	16.7	16.13	15.24	15.93	15.45	14.31	14.22	14.98	14.8	14.15	14.84	14.47	14.72	13.59	13.13	13.72	14.95	14.32	14.56	14.85
NM_000902.2;NM_007287.1;NM_007288.1;NM_007289.1	MME	1	0.87	0	0.02	0.42	1.03	9.44	8.04	8.84	8.16	8.9	7.83	8.37	8.01	7.49	9.35	10.56	10.75	8.27	10.07	9.06	10.94	11.31	11.47	10.15	10.55	9.11	9.72	6.71	10.25	9.29	9.74
NM_024336.1	IRX3	1	0.97	0	0	0.03	0	8.01	7.15	7.43	8.16	8.35	8.39	9.07	10.07	8.45	8.28	12.31	12.69	12.68	12.59	10.85	11.61	12.1	12.15	13.31	10.07	8.57	8.71	8.42	8.53	9.59	7.77
		1	0.97	0	0	0.26	0.1	13.69	13.8	13.96	12.85	13.27	13.19	13.56	13.24	13.93	12.5	14.7	15.12	14.62	14.91	16.12	15.48	15.69	14.79	14.84	13.64	12.42	13.24	13.79	14.78	14.57	12.99
		0	0	0	0	0.5	0.72	12.8	14.31	14.69	13.46	14.31	15.3	14.29	14.5	15.36	13.87	12.76	11.28	11.96	13.73	10.61	12.96	13.53	10.43	11.23	11.21	10.88	9.67	9.95	9.54	11.49	11.58
NM_018131.3	C10orf3	1	0.97	0	0	0.25	0.1	9.46	9.5	9.17	8.4	7.44	9.21	8.56	9.4	9.83	9.05	11.17	12.03	11.79	12.08	12.06	12.57	12.71	10.03	12.75	8.42	8.81	8.53	8.73	8.49	8.8	7.84
NM_172138.1	IL28A	1	0.97	0	0.07	0.19	0.06	11.93	12.25	12.59	12.43	13.92	14.67	13.11	13.41	14.32	12.51	13.75	14.11	15.29	14.31	14.57	14.97	14.09	15.52	15.56	12.31	12.05	12.12	11.79	12.78	11.28	12.45
NM_015203.2	KIAA0460	0	0	0	0.01	0.27	0.05	12.82	13.57	15.73	12.47	15.1	15.14	15.24	14.28	16.72	13.12	17.23	14.58	16.9	14.88	16.96	15.8	15.87	15.26	15.15	9.38	8.23	9.21	8.31	8.39	7.71	6.88
NM_000640.2	IL13RA2	1	0.97	0	0	0	0	8.65	8.31	7.85	8.6	8.13	9.23	7.42	7.19	8.4	7.84	11.4	13.74	11.39	13.63	14.28	13.46	14.32	12.74	13.42	7.86	7.99	8.48	8.01	9.03	8.02	7.3
NM_001753.3	CAV1	1	0.97	0	0	0.1	0.07	12.86	13.61	11.15	10.42	11.17	10.36	11.85	12.51	12.09	8.16	15.91	15.59	15.53	15.4	15.96	15.67	16.11	15.86	16.25	10.56	10.54	11.19	10.75	12.38	11.61	7.79
NM_080430.2	SELM	1	0.97	0	0	0.29	0.21	10.33	10.42	9.79	9.96	10.67	9.2	8.39	9.29	9.52	8.42	12.26	12.47	11.73	12.07	12.14	12.48	12.56	11.84	12.01	8.69	9.13	10.59	8.39	10	10	9.82
NM_005573.2	LMNB1	0	0.01	0	0.01	0.26	1.03	12.63	12.97	10.67	13.46	12.6	12.21	12.25	13.05	10.48	14.92	7.67	11.45	10.12	10.88	8.98	8.82	10.57	9.01	11.35	10.25	9.06	9.8	9.35	8.93	8.34	9.21
NM_015523.1	DKFZP566E144	1	0.97	0	0	0.25	0.22	11.76	11.47	8.87	10.39	9.47	10.2	9.57	9.99	12.07	9.72	12.9	13.37	13.14	13.61	13.7	13.71	14.05	13.29	14.18	8.79	10.71	10.85	11.28	10.56	11.83	8.44
		1	0.97	0	0	0.39	0.86	8.64	7.74	7.89	8.72	8.8	9.09	8.36	7.65	8.2	7.84	10.62	11.06	11.51	11.42	10.93	9.29	11.56	8	9.92	9.99	8.89	8.35	10.02	8.75	7.77	7.73
		0	0	0	0.04	0.36	0.53	16.22	15.7	15.9	16.37	16.31	15.62	15.32	15.74	14.87	16.3	13	15.25	13.88	14.44	13.94	14.47	14.38	13.42	13.92	12.77	13.16	13.1	13.44	13.27	13.08	12.96
NM_152522.2	MGC33864	1	0.97	0.03	0.05	0.25	1.03	11.61	12.97	12.18	12.03	12.34	10.81	13.48	13.21	13.33	13.3	10.91	10.6	9.44	10.41	11.18	9.13	12.45	10.84	9.35	11.34	11.38	11.79	10.39	12.39	12.92	9.94
NM_002534.1;NM_016816.1	OAS1	0	0	0	0	0.26	1.03	11.03	14.11	10.55	12.32	15.1	15.6	14.63	16.24	12.41	18	8.38	10.13	10.75	12.02	8.32	8.99	8.43	14.16	14.07	8.67	7.5	11.71	11.16	10.47	10.07	9.17
	EVI1	1	0.97	0	0.13	0.29	1.03	8.02	7.97	9.39	7.54	7.34	7.65	7.07	8.32	8.12	8.47	7.18	9.42	8.97	9.62	9.54	10.86	8.7	8.5	10.18	9.16	9.44	7.61	8.8	9.04	8.59	7.24
NM_001449.3	FHL1	1	0.97	0.03	0.07	0.17	0.1	14.93	14.52	11.34	10.59	10.15	11.37	10.35	8.68	8.1	10.7	13.07	12.03	12.28	12.43	12.07	12.58	13.06	12.98	13.77	11.12	9.15	10.03	11.58	8.39	8.96	7.2
NM_000596.1	IGFBP1	1	0.97	0	0	0.07	0.03	7.96	8.83	8.73	8.36	8.35	8.78	9.09	7.71	8.1	8.01	10.67	11.97	9.33	12.06	13.81	13.2	13.79	11.22	11.82	9.45	8.04	7.76	7.27	7.27	6.94	11.69
NM_020359.1	PLSCR2	0	0	0	0	0.35	1.03	12.33	11.93	11.47	13.06	12.8	13.53	13.16	12.78	12.95	12.61	8.49	11.9	10.62	12.01	11.06	8.25	10.71	9.43	10.37	9.55	9.85	11.07	11.15	8.63	8.91	9.84
NM_004217.1	AURKB	1	0.57	0	0	0.26	0.24	9.42	9.89	8.17	8.49	8.81	8.14	9.17	9.24	8.64	8.14	12.29	12.24	11.57	12.04	13.27	11.93	12.33	12.1	12.41	9.62	9.61	8.71	8.68	9.92	9.77	9.08
NM_002463.1	MX2	0	0.01	0	0	0.26	1.03	12.52	14.33	13.18	13.61	15.85	15.65	16.12	16.25	16.6	17.87	9.88	12.18	13.01	12.81	8.93	10.47	11.1	12.96	12.73	12.36	12.81	13.25	12.61	12.1	12.71	11.18
NM_006133.1	C11orf11	0	0	0	0.01	0.07	0.05	13.75	13.19	14.66	13.6	15.62	15.12	14.87	14.6	16.13	13.35	16.55	15.64	17.36	15.59	16.41	16.12	15.68	16.47	16	10.77	10.88	11.8	11.18	12.1	12.54	8.61
NM_012198.2	GCA	0	0.01	0	0	0.26	1.03	14.72	15.57	13.97	15.74	15.61	14.8	14.3	15.36	14.81	15.99	11.64	13.96	12.34	13.15	11.7	12.47	13.54	13.98	13.86	11.8	11.95	12.32	12.83	13.25	14.3	13.32
NM_002157.1	HSPE1	1	0.97	0	0	0.26	0.14	13.9	14.24	14.12	13.27	13.35	13.63	13.84	13.43	14.19	12.6	14.82	15.38	14.93	15.32	16.1	15.56	15.9	14.6	15.07	12.85	13.03	13.41	14.05	14.51	14.89	12.83
NM_032048.1	EMILIN2	1	0.96	0.04	0.03	0.39	1.03	17.74	18.04	17.96	17.99	18.4	18.01	18.91	17.82	18.18	18.97	16.87	17.07	17.2	17.39	16.03	16.75	16.92	17.32	17.55	18.04	17.47	17.8	17.74	17.37	17.29	17.39
		1	0.97	0.01	0.01	0.24	0.96	11.36	9.79	10.57	10.92	11.38	10.24	10.05	11.99	11.17	11.39	13.82	12.78	13.22	12.69	12.77	12.85	12.9	12.08	13.01	9.95	11.58	11.39	10.02	9.77	10.54	11.31
NM_001822.2	CHN1	1	0.97	0	0	0.26	0.11	13.13	12.53	8.84	8.06	8.1	8.89	8.81	6.82	8.91	8.15	11.25	10.55	10.32	10.84	12.23	10.32	11.94	11.2	11.7	8.46	9.46	8.5	8.05	7.32	9.48	8.71
NM_005842.2	SPRY2	0	0	0	0	0.3	0.36	13.97	13.25	10.54	8.94	9.77	10.09	9.18	10.71	8.39	8.65	12.92	12.47	12.29	12.25	10.55	11.37	11.3	12.17	12.56	14.07	11.38	12.81	11.62	12.38	12.02	8.76
NM_020639.2	ANKRD3	1	0.97	0	0	0.07	0.1	10.71	8.94	9.74	8.43	8.44	8.42	8.28	9.01	10.41	8.32	13.71	13.51	13.06	13.43	12.62	13.47	13.36	13.27	13.73	8.76	8.59	8.36	9.17	7.99	8.17	7.66
		1	0.94	0	0.02	0.45	0.59	8.66	8.35	8.19	8.76	8.44	7.26	7.61	6.85	8.74	6.71	10.37	10.66	8.23	10.28	9.22	10.38	8.86	9.8	10.31	7.9	8.46	9.92	8.26	8.25	7.49	7.41
		1	0.83	0	0	0.14	0.11	10.36	9.32	7.77	7.25	8.72	7.35	8.57	8.95	6.88	8.62	11.94	12.91	11.73	12.86	13.19	13.51	13.62	12.55	13.51	7.74	9.16	9.57	10.25	8.74	8.11	9.51
NM_002588.2;NM_003735.2;NM_003736.2;NM_014004.2;NM_018912.2;NM_018913.2;NM_018914.2;NM_018915.2;NM_018916.3;NM_018917.2;NM_018918.2;NM_018919.2;NM_018920.2;NM_018921.2;NM_018922.2;NM_018923.2;NM_018924.2;NM_018925.2;NM_018926.2;NM_018927.2;NM_018928.2;NM_	PCDHGA1;PCDHGA10;PCDHGA11;PCDHGA12;PCDHGA2;PCDHGA3;PCDHGA4;PCDHGA5;PCDHGA6;PCDHGA7;PCDHGA8;PCDHGA9;PCDHGB1;PCDHGB2;PCDHGB3;PCDHGB4;PCDHGB5;PCDHGB6;PCDHGB7;PCDHGC3;PCDHGC4;PCDHGC5	1	0.97	0	0.01	0.2	0.07	14.88	14.05	8.04	9.91	9.49	10.13	9.33	9.75	7.52	8.93	12.35	12.34	11.21	12.05	11.66	11.73	12.71	12.18	13.1	11.15	10.14	9.49	10.84	10.74	9.84	8.29
NM_002998.2	SDC2	1	0.97	0.05	0.01	0.48	1.03	16.59	17.27	17.69	16.87	16.35	15.41	17.95	17.17	16.84	14.6	16.35	16.08	15.04	15.03	16.43	15.92	16.44	13.62	12.48	18.44	16.59	16.14	15.39	17.21	16.74	13.47
NM_002462.2	MX1	0	0	0	0	0.27	1.03	12.54	14.08	12.93	13.5	15.85	15.54	16.1	16.38	16.96	17.96	10.62	11.48	12.04	12.65	8.51	11.41	11.11	12.68	12.83	10.87	11.55	11.85	10.84	9.64	12.4	8.52
NM_002182.2;NM_134470.2	IL1RAP	1	0.85	0.02	0.07	0.45	1.03	15.64	15.6	14.72	15.98	15.15	15.11	14.27	15.46	13.88	16.52	13.07	15.09	13.43	14.16	13.77	13.95	14.19	13.88	13.8	16.82	16.57	15.8	16.27	15.57	14.7	15.73
NM_017812.1	CHCHD3	1	0.81	0	0	0.25	0.19	11.12	11.71	12	10.65	11.3	11.12	12.37	11.69	12.29	11.79	12.65	13.44	12.25	13.52	13.62	13.39	14.52	13.67	14.38	12.05	11.5	11.63	12.2	12.8	13.23	12.57
NM_002592.2;NM_182649.1	PCNA	1	0.73	0	0	0.28	0.28	11.3	11.48	10.1	10.1	10.06	9.27	11.17	10.61	11.11	10.9	12.33	13.38	12.28	13.2	13.62	13.1	13.63	12.83	13.26	11.16	11.01	11.2	11.84	13.35	13.48	10.24
NM_006905.2	PSG1	1	0.97	0	0	0.05	0	8.53	7.66	6.97	8.35	7.09	8.68	7.74	7.99	8.08	8.17	11.63	12.86	10.99	12.29	12.94	12.31	12.73	11.56	12.12	8.56	8.08	8.51	6.77	7.33	7.49	7.83
NM_024537.1	FLJ12118	1	0.97	0.06	0.01	0.37	0.92	8.85	8.79	9	8.93	8.53	9.22	8.62	8.27	8.94	8.19	9.73	11.58	9.84	10.55	11.16	10.39	10.76	11.73	10.46	8.66	10.46	9.01	9.04	8.68	8.92	12.35
NM_017760.4	MTB	1	0.97	0	0	0.27	0.44	10.39	9.33	8.78	9.42	10.69	8.04	9.02	9.34	8.82	8.98	11.89	12.36	11.73	12.06	11.94	13.04	12.81	12.21	13.03	10	10.28	10.5	11.05	7.48	8.25	8.54
NM_021209.3	CARD12	0	0	0.01	0	0.39	1.03	10.54	11.96	10.41	11	11.64	10.82	11.92	11.67	11.81	11.92	9.26	9.62	9.33	9.84	8.42	8.59	9.69	8.82	10.04	13.35	13.13	12.28	13.65	13.96	14.4	13.7
		1	0.97	0	0	0.26	0.44	10.54	10.58	8.3	8.97	8.5	9.89	10.48	8.63	9.3	9.7	12.1	12.23	11.69	12.43	12.29	13.26	13.65	13.12	12.88	7.9	8.08	9.57	9.6	10.17	10.89	9.44
		1	0.97	0	0	0.27	0.61	13.99	14.62	13.37	13.86	13.83	14.07	14.21	14.54	14.18	13.9	15.05	15.92	14.98	15.79	15.93	15.65	16.02	15.45	15.69	13.39	14.06	13.79	14.63	14.54	14.87	14.72
NM_006026.2	H1FX	1	0.97	0	0	0.34	1.03	13.81	12.63	13.03	12.93	13.11	13.07	12.41	12.82	11.76	12.33	14.96	14.33	14.99	14.96	13.17	14.9	13.01	14.33	15.24	11.92	13.15	13.35	13.2	11.66	11.94	13.49
NM_001757.1	CBR1	1	0.73	0	0	0.26	0.17	10.99	10.32	10.01	9.35	10.02	10.18	11.1	10.44	11.42	10.85	12.22	12.84	12.2	12.66	13.29	13.07	13.49	13.08	12.99	8.92	9.48	8.41	9.82	11.26	9.17	8.82
NM_001848.1	COL6A1	1	0.97	0	0	0.03	0.04	12.24	10.92	9.92	9.24	9.49	10.79	9.12	9.25	8.31	9.85	14.78	14.97	14.29	14.45	14.32	14.48	13.75	13.97	14.77	10.77	9.16	8.76	8.79	9.03	8.1	11.43
NM_007364.1	P24B	0.56	0.21	0	0	0.31	0.32	12.9	12.52	11.71	11.63	11.29	11.93	12.13	11.56	11.03	11.43	14.36	14.3	13.99	14.21	14.61	14.12	14.64	14.65	14.95	11.27	12.55	11.98	13.29	13.63	13.19	13.09
NM_002421.2	MMP1	0	0	0	0.01	0.04	0.05	11.83	12.94	15.57	12.58	14.51	12.73	12.54	12.85	11.97	9.23	15.12	15.46	13.39	15.37	16.06	15.33	15.95	14.1	13.6	10.37	7.82	11.19	10.33	10.96	8.37	8.93
NM_002828.2;NM_080422.1;NM_080423.1	PTPN2	0	0	0	0	0.26	0.11	16.85	16.43	16.22	16.64	16.75	16.21	16.07	16.21	15.53	16.91	13.25	15.67	14.14	14.64	14.51	15.15	15.05	14.51	14.42	13.48	13.84	13.71	14.15	14.41	14.36	14.63
NM_001827.1	CKS2	0.77	0.48	0	0	0.25	0.56	11.5	10.64	8.59	10.08	9.41	9.7	10.02	10.15	8.77	8.19	13.46	13.12	13.51	13.48	13.78	13.82	14.23	13.59	14.39	8.74	9.49	10.79	11.88	11.83	9.45	10.73
NM_031966.2	CCNB1	1	0.92	0	0	0.28	0.28	11.51	10.76	9.62	10.14	11.2	10.98	10.76	10.99	9.76	9.88	13.03	13.29	13.02	13.03	13.77	13.99	13.98	13.65	13.95	7.62	9.27	8.52	10.25	10.87	9.12	8.66
NM_152398.1	MGC45416	1	0.97	0	0	0.43	1.03	12.48	11.16	8.89	9.87	9.33	9.35	8.96	8.77	10.65	9.35	12.35	13.31	11.96	13.07	13.28	13.44	13.44	12.3	13.09	7.76	9.87	9.74	9.46	8.98	8.39	8.76
		1	0.63	0	0	0.26	0.2	13.24	12.58	11.93	12.87	12.7	13.13	12.4	12.12	11.93	12.52	13.93	14.64	13.75	14.78	14.33	14.63	14.75	14.34	15.06	12.2	13.26	13.58	13.75	13.64	13.44	13.75
		1	0.97	0.02	0.07	0.26	0.16	13.2	13.08	13.93	13.33	14.37	14.35	13.5	13.86	14.86	13.05	15.04	14.58	16.05	14.3	15.78	15.13	14.71	15.28	14.96	13.57	12.99	13.5	12.72	13.45	13.11	13.37
NM_021105.1	PLSCR1	0.05	0.01	0	0	0.26	1.03	17.06	17.46	16.81	17.21	17.64	15.58	18.52	18.01	18.06	18.22	14.12	16.51	16.11	15.6	15.64	15.5	16.03	16.17	14.13	15.29	16.41	15.94	14.45	15.49	15.68	16.33
NM_006474.3;NM_198389.1	T1A-2	0.11	0.01	0.02	0.04	0.02	0.14	14.41	13.79	12.64	13.38	12.05	12.17	12.86	12.03	13.16	14.4	9.26	11.66	10.89	10.59	10.89	8.47	12.27	10.36	11.46	9.56	11.07	10.83	10.21	11.09	11.68	12.89
NM_002535.1;NM_016817.1	OAS2	0	0	0	0	0.25	1.03	10.86	13.14	11.17	11.88	14.69	15.08	15.18	15.08	15.68	16.79	9.39	9.98	10.52	11.82	8.78	7.99	8.72	13	13.01	9.56	7.88	10.53	9.05	10.57	10.75	9.44
NM_004577.3	PSPH	0.93	0.65	0.05	0.03	0.37	1.03	8.5	7.51	8.43	9.05	7.29	8.75	7.96	8.13	7.99	7.03	10.35	11.03	9.88	10.16	11.92	8.86	11.56	8.8	11.28	8.35	8.49	8.64	9.69	7.83	9.73	8.55
NM_005952.2	MT1X	1	0.97	0	0.06	0.04	0.05	13.68	13.48	14.47	14.08	15.46	15.18	13.79	14.86	15.14	14.64	15.94	15.93	15.73	15.94	17.07	16.38	16.22	15.35	15.67	14.27	13.75	16.4	14.46	14.14	13.21	14.99
NM_152703.1		0	0	0	0	0.41	1.03	10.57	12.57	10.88	11.85	14.51	15.26	14.83	15.07	15.79	17.11	8.92	10.32	10.76	12.18	7.72	8.65	11.15	12.18	12.71	8.33	8.89	10.69	10.56	9.15	11.55	7.91
NM_175622.2	MT1J	0.98	0.46	0	0	0	0	12.32	11.77	12.47	12.94	15.13	14.23	12.06	13.84	12.95	14.25	16.58	16.77	16.55	16.67	16.76	16.28	17.13	16.1	16.67	11.03	11.28	14.91	13.18	11.74	12.15	12.55
		1	0.97	0	0	0.29	0.41	13.98	14.01	13.54	13.95	13.27	13.97	13.98	13.38	13.29	14.04	14.7	15.5	14.61	15.54	16.08	15.13	15.63	15.34	15.72	14.1	14.06	13.77	13.96	14.86	13.87	15.34
		0.01	0	0	0	0.25	0.12	15.76	16.26	14.92	16.28	16.3	16.8	16.71	16.63	16.63	18.26	13.56	14.49	14.03	14.86	13.64	14.47	14.73	15.11	15.47	13.55	14.42	14.38	14.8	14.36	14.72	14.55
		1	0.97	0	0	0.14	0.04	7.34	7.77	8.6	9.3	7.79	7.63	7.88	7.57	8.75	7.92	11.04	11.06	10.41	10.69	11.52	11.51	11.22	8.9	10.42	8.44	7.53	7.47	9.31	7.47	9.39	10.21
		1	0.83	0	0	0.35	1.03	11.9	11.53	10.02	12.21	9.1	13.56	11.42	11.85	10.9	11.98	11.59	12.78	11.41	13.69	14.2	13.96	12.03	14.12	14.46	10.92	12.68	12.82	13.98	13.17	11.91	14.32
NM_174925.1	LOC205251	1	0.97	0.01	0	0.33	0.48	10.87	11.43	10.46	10.84	10.46	10.81	10.54	10.97	11.62	9.61	12.04	12.93	12.07	12.74	12.47	12.99	13.45	12.03	13.1	9.41	11.04	10.62	11.93	10.04	10.94	9.17
		0.31	0.15	0.05	0.1	0.39	1.03	14.84	14.59	14.6	15.2	14.39	11.73	15.03	14.6	13.47	16.93	12.9	14.45	13.6	12.21	13.27	12.37	13.51	15.04	11.99	16.63	16.43	15.79	13.44	16.09	15.24	16.11
		1	0.93	0.01	0	0.27	0.78	15.68	14.88	14.65	14.9	14.76	14.94	15.55	14.71	15.05	15.02	15.74	16.49	15.73	16.36	16.5	16.32	16.23	16.35	16.51	14.94	15.74	15.31	15.92	16.15	15.43	16.11
NM_178543.3	ENPP7	0.24	0.07	0	0.01	0.26	0.44	11.93	11.46	11.98	11.89	12.88	12.82	11.83	12.11	14.05	11.95	13.77	13.38	14.99	13.2	13.48	13.74	13.68	14.51	14.05	11.22	11.14	11.26	10.96	11.68	11.42	10.1
		1	0.97	0	0	0.46	0.86	15.26	14.55	14.22	14.69	14.28	14.58	15.1	14.33	14.44	14.49	15.26	16.11	15.24	15.98	16.05	15.76	15.83	15.9	16.1	14.42	15.3	14.84	15.53	15.55	14.99	15.73
		1	0.81	0	0	0.29	0.23	15.52	15.26	14.49	14.8	14.36	14.96	15.24	14.62	14.92	15.24	15.87	16.55	15.85	16.55	16.75	16.39	16.6	16.52	16.72	15.21	15.5	15.01	15.36	16.07	15.37	16.46
		1	0.97	0	0	0	0	13.12	12.96	13.2	12.73	12.59	12.51	14.1	12.78	14.57	13.24	16.9	16.42	16.49	16.27	16.87	16.33	17.2	17.21	17.35	11.08	12.39	12.2	12.46	12.99	13.92	12.91
		1	0.44	0.02	0	0.26	0.59	16.46	15.68	15.32	15.81	15.33	16.2	16.12	15.5	15.61	15.67	16.34	17.34	16.47	17.23	17.13	17.27	16.87	17.04	17.36	16.22	16.66	16.43	16.99	16.97	16.6	16.87
		1	0.97	0.02	0.01	0.29	0.22	10.53	10.75	11.07	9.72	10.2	10.83	11.16	10.17	9.06	9.97	12.05	12.65	12.23	12.66	12.38	12.68	12.6	11.33	12.96	9.51	8.93	10.04	10.89	10.84	10.21	9.47
		1	0.97	0	0	0.38	0.54	10.56	10.29	10.11	10.44	10.21	9.6	9.88	10.88	8.85	10.98	12.59	12.29	12.47	12.19	11.96	12.41	12.51	11.9	12.49	7.9	7.87	10.09	8.95	7.93	8.23	11.33
		1	0.97	0	0	0.04	0.03	10.53	10.37	9.91	10.37	9.75	11.04	10.07	8.79	11.2	8.69	13.36	13.74	13.2	13.73	14.67	14.23	13.95	13.36	13.31	8.93	10.52	9.57	10.77	9.68	8.43	10.18
		1	0.97	0	0	0.25	0.11	10.66	10.4	11.26	10.47	9.84	11.13	10.45	10.57	10.19	11.24	12.61	12.9	12.09	12.96	12.8	12.72	12.91	12.25	12.48	8.66	10.56	11.27	10.9	9.42	11.12	12.07
		1	0.97	0.01	0.01	0.26	0.85	9.47	8.03	9.26	8.75	9.81	8.68	7.36	9.86	8.72	8.75	11.39	11.19	11.07	11.31	10.66	11.39	11.35	8.28	11.07	8.68	9.18	7.84	9.32	11.04	9	9.03
		0.64	0.47	0	0	0.26	0.13	14.62	14.34	16.77	14.32	14.99	14.44	16.04	14.74	15.92	12.23	17.56	15.91	17.2	15.52	17.7	16.23	16.13	15	14.19	14.87	13.11	15.45	12.65	14.99	14.29	12.94
		1	0.97	0.03	0	0.25	0.16	8.4	9.45	8.48	9.51	8.24	8.65	9.65	8.26	8.63	8.36	9.86	11.29	9.62	10.83	12.44	11.67	10.76	10.36	11.59	8.42	9.33	8.72	8.83	10.13	8.45	7.76
		1	0.8	0	0	0.25	0.13	10.11	10.04	8.98	9.89	8.74	10.29	10.15	9.31	9.18	10.03	11.91	12.57	11.75	12.28	12.96	12.26	12.87	13.08	12.36	10.29	11.49	10.82	11.23	10.42	10	10.22
		0	0.01	0	0.09	0.09	1.01	15.04	14.41	15.08	14.88	14.5	15.92	14.57	14.45	15.24	13.87	16.19	16.09	16.41	16.17	18.21	17.26	15.79	17.93	16.97	17.69	16.69	16.73	16.35	16.96	15.82	18.49
		1	0.97	0	0	0.25	0.86	9.57	8.64	9.99	8.15	8.86	8.03	8.14	9.55	8.8	10.84	10.74	11.31	7.79	11.02	11.36	12.17	11.86	12.01	11.4	9.09	9.98	8.72	9.25	8.83	8.82	10.02
		1	0.97	0	0	0.26	0.1	10.21	10.23	9.72	10.47	10.18	10.52	10.5	9.14	10.06	8.66	11.36	12.65	11.84	12.87	12.04	12.69	12.73	11.04	12.6	9.96	10.56	11.34	11.33	10.75	11.1	8.48
		0	0.03	0	0.14	0.27	1.03	12.27	11.91	11.52	11.99	11.54	13.51	11.76	11.39	12.81	11.2	13.02	13.25	13.47	13.31	15.6	14.93	13.28	15.42	14.67	14.49	13.85	13.97	13.61	14.26	13.04	16.41
