1;IMAGp998G9999
2;IMAGp998G9998
3;IMAGp998G9997
4;IMAGp998G9996
5;IMAGp998G9995
6;IMAGp998G9994
7;IMAGp998G9993
8;IMAGp998G9992
9;IMAGp998G9991
10;IMAGp998G9990
11;IMAGp998G9989
12;IMAGp998G9988
13;IMAGp998G9987
14;IMAGp998G9986
15;IMAGp998G9985
16;IMAGp998G9984
17;IMAGp998G9983
18;IMAGp998G9982
19;IMAGp998G9981
20;IMAGp998G9980
21;IMAGp998G9979
22;IMAGp998G9978
23;IMAGp998G9977
24;IMAGp998G9976
25;IMAGp998G9975
26;IMAGp998G9974
27;IMAGp998G9973
28;IMAGp998G9972
29;IMAGp998G9971
30;IMAGp998G9970
31;IMAGp998G9969
32;IMAGp998G9968
33;IMAGp998G9967
34;IMAGp998G9966
35;IMAGp998G9965
36;IMAGp998G9964
37;IMAGp998G9963
38;IMAGp998G9962
39;IMAGp998G9961
40;IMAGp998G9960
41;IMAGp998G9959
42;IMAGp998G9958
43;IMAGp998G9957
